Date,MA5,MA20,MA5_to_MA20,Price_to_MA20,Daily_Return,Lag1_Return,Lag2_Return,Volume_Change,Volatility_5d,Target
2024-07-23,223.3333953857422,221.8333839416504,1.006761883254174,1.005608814315562,0.00468821062779301,-0.0015602300322087315,0.000579924625589312,-0.17097909206710127,0.013522641315330606,0
2024-07-24,221.283154296875,222.30281677246094,0.9954131823861251,0.9746307553683041,-0.028754315948423814,0.00468821062779301,-0.0015602300322087315,0.5459743795717249,0.014643333966756697,0
2024-07-25,219.9566436767578,222.51299514770508,0.9885114508963831,0.9690318400545214,-0.004804624361154031,-0.028754315948423814,0.00468821062779301,-0.1681256636709746,0.013194962968487907,1
2024-07-26,218.69754638671876,222.7043357849121,0.9820084805081518,0.9702915482270761,0.002160991266374035,-0.004804624361154031,-0.028754315948423814,-0.19049759491897444,0.013408396600684555,1
2024-07-29,217.56336059570313,223.0820625305176,0.9752615612738497,0.9698929631630566,0.0012846049642016855,0.002160991266374035,-0.004804624361154031,-0.12714746894928763,0.013683082901608506,1
2024-07-30,216.33202514648437,223.18368225097657,0.969300367144282,0.9719390179750872,0.002566054789141292,0.0012846049642016855,0.002160991266374035,0.14683931944987583,0.013332565411596432,1
2024-07-31,217.03394470214843,223.27340545654297,0.972054617335028,0.9861127865164359,0.014990858974981425,0.002566054789141292,0.0012846049642016855,0.20153059999327638,0.007215273705972117,0
2024-08-01,217.20645446777343,223.11527633666992,0.9735167310552937,0.9702819524804016,-0.0167506373515669,0.014990858974981425,0.002566054789141292,0.24911314385755934,0.011342384566803828,1
2024-08-02,217.58318786621095,222.7940574645996,0.9766112720523678,0.9783555460964064,0.006869195039620246,-0.0167506373515669,0.014990858974981425,0.6890705748708021,0.011669123769603414,0
2024-08-05,215.80459899902343,221.8745216369629,0.9726425432124594,0.9350905944026556,-0.04816688834441718,0.006869195039620246,-0.0167506373515669,0.13242574022957587,0.025254793339879095,0
2024-08-06,213.5104736328125,220.81123275756835,0.9669366497637761,0.9304341068082805,-0.009748152083675299,-0.04816688834441718,0.006869195039620246,-0.4173039249309486,0.024545286546353875,1
2024-08-07,211.07953491210938,219.66317825317384,0.9609236131001831,0.9469865093479517,0.012498225875941849,-0.009748152083675299,-0.04816688834441718,-0.08820063019932389,0.023913759123204533,1
2024-08-08,210.0782043457031,218.9563003540039,0.9594526579324419,0.9658460285372192,0.016633202940700142,0.012498225875941849,-0.009748152083675299,-0.25749727629399655,0.026453176565859698,1
2024-08-09,209.3604278564453,218.24744186401367,0.9592801000017874,0.9822929308152067,0.013735921405697349,0.016633202940700142,0.012498225875941849,-0.10516082110044078,0.027346542892568815,1
2024-08-12,211.04816589355468,217.42366790771484,0.9706770561111763,0.9930449181710183,0.007129995240501064,0.013735921405697349,0.016633202940700142,-0.09889435471640884,0.010528632563365226,1
2024-08-13,213.8828338623047,216.76468200683593,0.9867051767019853,1.013189233294229,0.01719303512501158,0.007129995240501064,0.013735921405697349,0.16112295907499985,0.004033375360893268,1
2024-08-14,216.29327697753905,216.42247772216797,0.9994030160545765,1.0168550157019123,0.002033660905750745,0.01719303512501158,0.007129995240501064,-0.04970411253009266,0.006564076687761724,1
2024-08-15,218.6072570800781,216.46213989257814,1.0099098955067363,1.0304248758859293,0.013530639501013964,0.002033660905750745,0.01719303512501158,0.10613289609776788,0.006067045676447255,1
2024-08-16,220.6042907714844,216.56136322021484,1.0186687389253197,1.0360485565488495,0.005918521088720485,0.013530639501013964,0.002033660905750745,-0.04468048433662253,0.006104198347463852,0
2024-08-19,222.26384887695312,216.66999359130858,1.0258173971989675,1.0347960754368017,-0.0007078936088067422,0.005918521088720485,0.013530639501013964,-0.08237220400449252,0.007583389759590803,1
2024-08-20,223.304052734375,216.75734634399413,1.0302029273784854,1.037218184513506,0.0027447672069089712,-0.0007078936088067422,0.005918521088720485,-0.2553296074007442,0.0054690612262539165,0
2024-08-21,224.23308715820312,217.1599609375,1.0325710420565917,1.0347922938070386,-0.00048574365779430195,0.0027447672069089712,-0.0007078936088067422,0.14741410607610805,0.005877402997867999,0
2024-08-22,224.19537048339845,217.52182159423828,1.0306799053090356,1.0245380836985973,-0.008259618147733572,-0.00048574365779430195,0.0027447672069089712,0.25685809207403887,0.005277219473758689,1
2024-08-23,224.35219116210936,217.9750244140625,1.029256410293745,1.0329265555415799,0.010288105431222272,-0.008259618147733572,-0.00048574365779430195,-0.11484072657700028,0.006704000311365123,1
2024-08-26,224.6082733154297,218.43122177124025,1.0282791603420989,1.0323142816824815,0.0014988911986753006,0.010288105431222272,-0.008259618147733572,-0.20878137822443654,0.006659322119470468,1
2024-08-27,224.910009765625,218.9018424987793,1.0274468556237903,1.0339490107632214,0.003741518211471506,0.0014988911986753006,0.010288105431222272,0.17424891020906985,0.006733233854213617,0
2024-08-28,224.927880859375,219.13344497680663,1.0264424989219771,1.0258808717861672,-0.006753463329221221,0.003741518211471506,0.0014988911986753006,0.05892927707557627,0.007679000118685048,1
2024-08-29,225.97205200195313,219.7132209777832,1.028486365073146,1.038081572682158,0.014570134898927556,-0.006753463329221221,0.003741518211471506,0.3640814460136339,0.008230876303813207,0
2024-08-30,226.4008361816406,220.17943649291993,1.028256043288224,1.0323221626914092,-0.003437973805193839,0.014570134898927556,-0.006753463329221221,0.020893417562030114,0.00817707084752854,0
2024-09-03,225.52539978027343,220.86142196655274,1.021117213554964,1.00113675726698,-0.027205147556289666,-0.003437973805193839,0.014570134898927556,-0.05284313503476079,0.015419061670531045,0
2024-09-04,224.10008544921874,221.54924545288085,1.0115136478624587,0.9894268491074907,-0.008618762157690196,-0.027205147556289666,-0.003437973805193839,-0.1265256840922404,0.014885904453359751,1
2024-09-05,223.28419799804686,222.18461074829102,1.0049489802468883,0.9934323154563974,0.0069277078032163875,-0.008618762157690196,-0.027205147556289666,-0.16479851825493497,0.01599525332501331,0
2024-09-06,221.50354614257813,222.56955642700194,0.9952104398214342,0.9847572606643592,-0.007014987012509244,0.0069277078032163875,-0.008618762157690196,0.3224763350939768,0.012387035917458983,1
2024-09-09,219.89758911132813,222.81372680664063,0.9869122170473673,0.9840790782812846,0.00040761674529954384,-0.007014987012509244,0.0069277078032163875,0.38735724758895573,0.01284203757990222,0
2024-09-10,219.36954650878906,222.94176712036133,0.9839768893118905,0.9799521982900812,-0.0036214047785367853,0.00040761674529954384,-0.007014987012509244,-0.23204822863947605,0.006252009611281756,1
2024-09-11,219.72885131835938,223.01074981689453,0.9852836757814151,0.9909983984175414,0.011585090697250333,-0.0036214047785367853,0.00040761674529954384,-0.13575817487546282,0.0075989015607079964,1
2024-09-12,219.8062744140625,223.06286010742187,0.9854005920492946,0.9912564004894681,0.0004940736023295589,0.011585090697250333,-0.0036214047785367853,-0.15994536536352444,0.007004720084996723,0
2024-09-13,220.1397735595703,222.952685546875,0.987383367998439,0.9905441680604616,-0.001212077046253035,0.0004940736023295589,0.011585090697250333,-0.01839511314729969,0.005862885214310051,0
2024-09-16,219.22860412597657,222.46980514526368,0.9854308272658812,0.9651218941650572,-0.027775213662930787,-0.001212077046253035,0.0004940736023295589,0.6144381041488742,0.014458667836150971,1
2024-09-17,218.56954040527344,222.0181900024414,0.984466815096862,0.9691861562081541,0.0021725834761423535,-0.027775213662930787,-0.001212077046253035,-0.2331318420281212,0.014736713794360454,1
2024-09-18,218.1784698486328,221.72935409545897,0.9839855022294547,0.9879068290657169,0.01798978388418493,0.0021725834761423535,-0.027775213662930787,0.3158132923836703,0.016489751098581463,1
2024-09-19,219.38938903808594,221.85193557739257,0.9889000448299106,1.023958087852642,0.03706558714741637,0.01798978388418493,0.0021725834761423535,0.11497473073667375,0.024060521607885278,0
2024-09-20,220.52090454101562,222.0340690612793,0.9931849894628285,1.0201229968632022,-0.002927465514640404,0.03706558714741637,0.01798978388418493,3.7719930579368777,0.024194651763539493,0
2024-09-23,222.53579406738282,222.01570587158204,1.0023425738902527,1.0124730882696371,-0.007581090294898729,-0.002927465514640404,0.03706558714741637,-0.8300928298270459,0.01824631973301508,1
2024-09-24,224.63605346679688,222.0251350402832,1.0117595623848623,1.0164536241938646,0.003974135704396531,-0.007581090294898729,-0.002927465514640404,-0.1955804676245706,0.018086391832097207,0
2024-09-25,225.76360168457032,221.9427520751953,1.0172154736915242,1.01235873712144,-0.004398159573496652,0.003974135704396531,-0.007581090294898729,-0.028638927727689167,0.018292426584107162,1
2024-09-26,225.49561157226563,221.99386825561524,1.0157740542302651,1.0172674360477463,0.0050802033901387045,-0.004398159573496652,0.003974135704396531,-0.13406226142613697,0.005480395776548725,1
2024-09-27,225.41422424316406,221.89461212158204,1.0158616384955463,1.0189302080355696,0.0011867046644595813,0.0050802033901387045,-0.004398159573496652,-0.071259147248524,0.005459463220875816,1
2024-09-30,226.71051025390625,222.09312438964844,1.0207903143194874,1.041303543535786,0.022871940162120685,0.0011867046644595813,0.0050802033901387045,0.6029477458414154,0.010253922615192625,0
2024-10-01,226.48023986816406,222.26384506225585,1.0189702234509945,1.0101818457348628,-0.029141532957444927,0.022871940162120685,0.0011867046644595813,0.16030061292327558,0.018808519650903154,1
2024-10-02,226.56163330078124,222.55813903808593,1.0179885322549818,1.0113880909503286,0.002519743152971543,-0.029141532957444927,0.022871940162120685,-0.48043612230386346,0.01873935239864308,0
2024-10-03,226.19439086914062,222.72141647338867,1.0155933562687578,1.005699966205409,-0.004894563816223663,0.002519743152971543,-0.029141532957444927,0.0353886486256334,0.018661090765725568,1
2024-10-04,225.99786682128905,223.01819229125977,1.013360679231665,1.0093907619776727,0.005007265589783927,-0.004894563816223663,0.002519743152971543,0.09402188919111043,0.018875164834778618,0
2024-10-07,223.75269775390626,223.05690155029296,1.0031193663983378,0.9864770404127041,-0.022530916310902316,0.005007265589783927,-0.004894563816223663,0.060687177642159584,0.01525831983660345,1
2024-10-08,223.66534729003905,223.33779525756836,1.0014666215903714,1.0033686804660413,0.01840405115607391,-0.022530916310902316,0.005007265589783927,-0.19363681927027698,0.01501068952109786,1
2024-10-09,224.213232421875,223.67923431396486,1.0023873387690545,1.0185660628047986,0.01669831591671289,0.01840405115607391,-0.022530916310902316,0.05447690680160844,0.016897018684873456,0
2024-10-10,224.88220825195313,223.99039993286132,1.0039814577739006,1.0149354625869673,-0.002178257170570963,0.01669831591671289,0.01840405115607391,-0.1609831175519706,0.016640070069028144,0
2024-10-11,225.03109130859374,224.24102172851562,1.0035233052988612,1.0072060704771566,-0.006505274729390553,-0.002178257170570963,0.01669831591671289,0.1268721060194795,0.017096968036827673,1
2024-10-14,226.93879089355468,224.9844482421875,1.008686567745622,1.0204216860475273,0.016479865670019356,-0.006505274729390553,-0.002178257170570963,0.25576525857074484,0.011917765339156816,1
2024-10-15,228.5427734375,225.831103515625,1.0120075130469677,1.027803779161219,0.01102475193892749,0.016479865670019356,-0.006505274729390553,0.6235704739720325,0.010801651580980285,0
2024-10-16,228.9874481201172,226.38147888183593,1.0115114065477127,1.0162291172217974,-0.008851883418964479,0.01102475193892749,0.016479865670019356,-0.47364535747489633,0.011165497891113344,1
2024-10-17,229.60482482910157,226.54425888061525,1.013509792583617,1.0171199431597555,0.0015962815732715185,-0.008851883418964479,0.01102475193892749,-0.031934558215138686,0.010938185390234298,1
2024-10-18,231.0837371826172,226.88172988891603,1.0185206948825651,1.0280752011928933,0.012276553423913095,0.0015962815732715185,-0.008851883418964479,0.40727954949111655,0.0101632464857597,1
2024-10-21,232.11203002929688,227.378507232666,1.0208178110334205,1.0322896262265693,0.00629789847412443,0.012276553423913095,0.0015962815732715185,-0.21918309768153088,0.008558315976444868,0
2024-10-22,232.5110321044922,227.79984817504882,1.020681242622353,1.0276787886249619,-0.0026218514753091338,0.00629789847412443,0.012276553423913095,0.07149733136576142,0.008109065796894627,0
2024-10-23,232.3085479736328,228.01771545410156,1.0188179787302314,1.0044966432937579,-0.021622949868696506,-0.0026218514753091338,0.00629789847412443,0.3459865213429232,0.012884407867634166,0
2024-10-24,231.99490051269532,228.16908111572266,1.0167674751472233,1.003003760597443,-0.0008233534729275016,-0.021622949868696506,-0.0026218514753091338,-0.4050241933941515,0.012816470172837385,1
2024-10-25,231.28224487304686,228.3487350463867,1.0128466217518755,1.0058658825398707,0.0036431692992595632,-0.0008233534729275016,-0.021622949868696506,0.2472813770713127,0.010980373768375884,1
2024-10-28,230.6708221435547,228.36858520507812,1.0100812330925864,1.0144274458225777,0.00859930407844467,0.0036431692992595632,-0.0008233534729275016,-0.0699752334268845,0.011504619392059776,1
2024-10-29,230.2360809326172,228.73880844116212,1.00654577376554,1.0139572184859744,0.001156874226483584,0.00859930407844467,0.0036431692992595632,-0.018563420169534273,0.011623461849800202,0
2024-10-30,230.1050598144531,228.90357208251953,1.0052488815312173,0.9977473139300872,-0.01527797569634537,0.001156874226483584,0.00859930407844467,0.32904069209310727,0.008960934418301677,0
2024-10-31,229.17999267578125,228.9154815673828,1.0011554968086358,0.9795279427257526,-0.018209428065136146,-0.01527797569634537,0.001156874226483584,0.367513686800125,0.011967172629262682,0
2024-11-01,227.49264221191407,228.72242889404296,0.9946232352984561,0.967336044194673,-0.013279547527441093,-0.018209428065136146,-0.01527797569634537,0.014084178834583128,0.011647672724690101,0
2024-11-04,225.23159790039062,228.73831024169922,0.9846693265434934,0.9633634995608814,-0.004037535340675413,-0.013279547527441093,-0.018209428065136146,-0.311477142686441,0.008154893630639572,1
2024-11-05,223.2028076171875,228.62317352294923,0.9762912664440919,0.9701003233100436,0.0064861480448801245,-0.004037535340675413,-0.013279547527441093,-0.37453303518784276,0.010085818948856127,0
2024-11-06,221.7377960205078,228.28471298217772,0.9713212642399711,0.9683647377132781,-0.003266859579526993,0.0064861480448801245,-0.004037535340675413,0.9408956540608224,0.009594562364622439,1
2024-11-07,222.0494598388672,228.20729446411133,0.9730164864374546,0.989396199362411,0.021372036288196172,-0.003266859579526993,0.0064861480448801245,-0.22769702223745492,0.01314887426964412,0
2024-11-08,222.9029998779297,228.19040603637694,0.9768289725659879,0.9882937398530346,-0.0011881973656511224,0.021372036288196172,-0.003266859579526993,-0.0903917394637106,0.010632670132843813,0
2024-11-11,223.39266662597657,227.85177917480468,0.9804297663815601,0.9778570682451697,-0.012028588279958119,-0.0011881973656511224,0.021372036288196172,0.09592786625200889,0.01254720231845827,0
2024-11-12,223.5964782714844,227.3865997314453,0.9833318169828951,0.9798575335638321,0.0,-0.012028588279958119,-0.0011881973656511224,-0.038263945759613005,0.012336488379678056,1
2024-11-13,224.1220703125,227.06836853027343,0.9870246206600959,0.9851254398130423,0.003969155952552539,0.0,-0.012028588279958119,0.2021842503273652,0.012136892477188006,1
2024-11-14,224.31881103515624,226.885791015625,0.9886860258239267,0.9994946462171115,0.013770376980535293,0.003969155952552539,0.0,-0.07499660257545371,0.009319135978524871,0
2024-11-15,223.929296875,226.40179595947265,0.9890791542796982,0.9874991407732159,-0.014109178690716817,0.013770376980535293,0.003969155952552539,0.0667751464142694,0.011565328286597034,1
2024-11-18,224.68248291015624,225.99439239501953,0.9941949467375714,1.0025576323065208,0.01342220683105988,-0.014109178690716817,0.013770376980535293,-0.06865079282275788,0.011472184544273265,1
2024-11-19,225.48733825683593,225.63067626953125,0.999364722851231,1.005318750366878,0.0011402384149559186,0.01342220683105988,-0.014109178690716817,-0.18868926394181973,0.011398537117784888,1
2024-11-20,226.25841064453124,225.55583419799805,1.003114867097237,1.008824219349374,0.0031540646244545556,0.0011402384149559186,0.01342220683105988,-0.028780673703047044,0.011398455606415803,0
2024-11-21,226.3180358886719,225.46657485961913,1.0037764401645028,1.0071083032371138,-0.002095964403475259,0.0031540646244545556,0.0011402384149559186,0.19729254810973118,0.00992986716571089,1
2024-11-22,227.28585205078124,225.40269775390624,1.0083546218197044,1.013344836002881,0.005907449333256487,-0.002095964403475259,0.0031540646244545556,-0.09356825138986846,0.005873755525548018,1
2024-11-25,228.24969787597655,225.389111328125,1.012691769052175,1.0266318133852281,0.013050933317994895,0.005907449333256487,-0.002095964403475259,1.361981015659592,0.005730287537502266,1
2024-11-26,229.5970916748047,225.47092895507814,1.0183001983397542,1.0359105698828002,0.009404343649852542,0.013050933317994895,0.005907449333256487,-0.4899082446690508,0.005807122380483116,0
2024-11-27,230.77556457519532,225.72346038818358,1.022381830308305,1.0341794001163807,-0.0005530115644418743,0.009404343649852542,0.013050933317994895,-0.27155537965737553,0.006444493675065031,1
2024-11-29,232.52637329101563,226.30317001342775,1.0274994083256483,1.042068050609559,0.010215752012810997,-0.0005530115644418743,0.009404343649852542,-0.14976834714493825,0.005223664524423105,1
2024-12-02,234.4580291748047,227.1440444946289,1.0321997642352836,1.048096769337106,0.009522536389068748,0.010215752012810997,-0.0005530115644418743,0.6901240809791653,0.005179949468187303,1
2024-12-03,236.4016082763672,228.18161392211914,1.0360239118873689,1.0566562460645228,0.012771881913739014,0.009522536389068748,0.010215752012810997,-0.19270167916222625,0.005117469618564915,1
2024-12-04,237.98151550292968,229.16560592651368,1.0384696016698203,1.0536801701216147,0.0014836703234417659,0.012771881913739014,0.009522536389068748,0.14211934844702911,0.005852575195296091,1
2024-12-05,239.5932189941406,230.18731613159179,1.0408619511301471,1.0491328296057927,0.00012347708956528258,0.0014836703234417659,0.012771881913739014,-0.09800851209560224,0.005647554924655281,0
2024-12-06,240.68822326660157,230.96286087036134,1.0421079058320941,1.0447494617777566,-0.0008229736587773706,0.00012347708956528258,0.0014836703234417659,-0.07901553433465136,0.0061271770517905035,1
2024-12-09,242.1111328125,231.9460777282715,1.0438250785863128,1.0570710629809092,0.016101074718186448,-0.0008229736587773706,0.00012347708956528258,0.21097025814605685,0.007895414935489235,1
2024-12-10,243.12863464355468,233.11560592651367,1.0429530604664772,1.056115637409424,0.004133842035380919,0.016101074718186448,-0.0008229736587773706,-0.17322594805730007,0.00690772454869299,0
2024-12-11,243.82021789550782,234.22154083251954,1.0409811882752997,1.045698743283273,-0.005166048550183877,0.004133842035380919,0.016101074718186448,0.22459826411087147,0.008099661700951853,1
2024-12-12,244.7979705810547,235.35629119873047,1.0401165370776166,1.0468631727893383,0.005963710615935813,-0.005166048550183877,0.004133842035380919,-0.274927111122909,0.008024631089365237,1
2024-12-13,245.84925537109376,236.3454719543457,1.0402114046787572,1.043196412845949,0.0006855702389931828,0.005963710615935813,-0.005166048550183877,0.011526199374571,0.007821789530477742,1
2024-12-16,246.70181274414062,237.63920669555665,1.03813598847851,1.0496848448214207,0.011727720864164848,0.0006855702389931828,0.005963710615935813,0.5591715351693394,0.006268644410707291,1
2024-12-17,247.83656311035156,238.9041259765625,1.0373892125021957,1.0542755908658032,0.009719587041880251,0.011727720864164848,0.0006855702389931828,-0.006546112955268191,0.006884253455291944,0
2024-12-18,248.14658203125,239.88635177612304,1.0344339317096118,1.0274668136724836,-0.02142178972731157,0.009719587041880251,0.011727720864164848,0.1054922073977147,0.013398023608809508,1
2024-12-19,248.51026000976563,240.91925354003905,1.031508509005342,1.0302382229138143,0.007014732802315349,-0.02142178972731157,0.009719587041880251,0.07236046013939457,0.01349668203846104,1
2024-12-20,249.77418518066406,242.20950927734376,1.0312319525599563,1.0440315706188597,0.01881575860588436,0.007014732802315349,-0.02142178972731157,1.422630222577005,0.015495446798208813,1
2024-12-23,250.61481628417968,243.47144775390626,1.029339656030196,1.0418035940611416,0.0030649801250572928,0.01881575860588436,0.007014732802315349,-0.7229823594378939,0.015057183501745121,1
2024-12-24,251.55282287597657,244.7299072265625,1.0278793700644755,1.0483427401281527,0.011478016014876635,0.0030649801250572928,0.01881575860588436,-0.4313415959352698,0.015259733844913156,1
2024-12-26,253.7328857421875,245.92030029296876,1.0317687699629168,1.046581268514103,0.0031756925937183045,0.011478016014876635,0.0030649801250572928,0.1722595944858336,0.006617344789487966,0
2024-12-27,254.88551330566406,246.94674072265624,1.0321477115258784,1.0284296958404642,-0.01324219798159354,0.0031756925937183045,0.011478016014876635,0.555059092194103,0.011959376880952765,0
2024-12-30,254.4304168701172,247.68552017211914,1.0272316956328773,1.0117623833551934,-0.013263394237144177,-0.01324219798159354,0.0031756925937183045,-0.16049467244949278,0.011034666711742434,0
2024-12-31,253.4665740966797,248.223583984375,1.02112204661679,1.0024438913498435,-0.007057799586427715,-0.013263394237144177,-0.01324219798159354,0.11033396611122837,0.010855881130111444,0
2025-01-02,250.614794921875,248.28320388793946,1.0093908528544198,0.975909452854252,-0.02623592067791336,-0.007057799586427715,-0.013263394237144177,0.41184680109521876,0.010703359991941927,0
2025-01-03,247.5026824951172,248.30059204101562,0.9967865177471401,0.9738801495094744,-0.0020095092420736593,-0.02623592067791336,-0.007057799586427715,-0.27801229622161183,0.009074435818237064,1
2025-01-06,245.39813232421875,248.3979690551758,0.9879232638561118,0.9800587803583354,0.006739006166805561,-0.0020095092420736593,-0.02623592067791336,0.1193094142992388,0.012385436090330538,0
2025-01-07,243.4128204345703,248.36666946411134,0.9800542921470513,0.9690202525280821,-0.011387714951863415,0.006739006166805561,-0.0020095092420736593,-0.09300797414175854,0.012227397285460339,1
2025-01-08,241.8786193847656,248.16545562744142,0.9746667551824219,0.9717678457517412,0.0020229888322238487,-0.011387714951863415,0.006739006166805561,-0.07898717446641867,0.013047440573481698,0
2025-01-10,240.4875061035156,247.6229217529297,0.9711843491753418,0.9504223501883675,-0.024103789970141398,0.0020229888322238487,-0.011387714951863415,0.6399868186420543,0.012237558105697568,0
2025-01-13,238.70688171386718,247.02225799560546,0.9663375424173873,0.9428781747922353,-0.010344173195219075,-0.024103789970141398,0.0020229888322238487,-0.19575472080296996,0.012168501898181203,0
2025-01-14,236.3777648925781,246.29291763305665,0.9597424366247884,0.9411518151512875,-0.004778069660643203,-0.010344173195219075,-0.024103789970141398,-0.20542527105199004,0.009648636229499118,1
2025-01-15,235.51527404785156,245.78317413330078,0.9582237469197936,0.9616601273602602,0.01967588958356803,-0.004778069660643203,-0.010344173195219075,0.010059515205919523,0.01612930133387308,0
2025-01-16,232.64561157226564,244.65140533447266,0.950926937264908,0.9270778457906924,-0.040400176086877626,0.01967588958356803,-0.004778069660643203,0.8015439847358907,0.022423933982006206,1
2025-01-17,231.28033447265625,243.48386459350587,0.9498795119700301,0.9385425770877871,0.007535246075507596,-0.040400176086877626,0.01967588958356803,-0.045580281803980216,0.02261427043215745,0
2025-01-21,228.94326782226562,242.22142944335937,0.9451817221473433,0.9133236601253368,-0.03191585897303639,0.007535246075507596,-0.040400176086877626,0.43192924922943043,0.02559240451464503,1
2025-01-22,227.06526794433594,240.93166961669922,0.9424467456087301,0.9231207647107674,0.005345038978352035,-0.03191585897303639,0.007535246075507596,-0.3461176868861553,0.026491116377371036,0
2025-01-23,224.2413116455078,239.39995574951172,0.936680672907623,0.9283213789664693,-0.0007595467500303155,0.005345038978352035,-0.03191585897303639,-0.06068785915339214,0.022427816533776106,0
2025-01-24,223.1522705078125,237.78576889038087,0.9384593180203546,0.9309459231797903,-0.003934505603846894,-0.0007595467500303155,0.005345038978352035,-0.09192194545345878,0.01586985855392011,1
2025-01-27,223.12842407226563,236.3777648925781,0.9439484469855545,0.9662530724112108,0.03178021567167488,-0.003934505603846894,-0.0007595467500303155,0.7343152113700893,0.022766080765412113,1
2025-01-28,226.2325866699219,235.34635467529296,0.9612750831941063,1.0059530168415878,0.03654381265795292,0.03178021567167488,-0.003934505603846894,-0.2019303545940795,0.018964100963572466,1
2025-01-29,229.31886596679686,234.5400077819824,0.9777388008785313,1.0140718670269249,0.004616938597307829,0.03654381265795292,0.03178021567167488,-0.39918713576972453,0.01904781778572521,0
2025-01-30,232.0871795654297,233.81414642333985,0.992613933398267,1.0096979530554884,-0.00739469985135166,0.004616938597307829,0.03654381265795292,0.22363315386458726,0.02047992043220187,0
2025-01-31,234.71438903808593,233.09772262573242,1.0069355736046777,1.0060232972695107,-0.006692283946946764,-0.00739469985135166,0.004616938597307829,0.8139217331467186,0.021056225077313834,0
2025-02-03,234.34673156738282,232.31074905395508,1.0087640478183593,0.9752560100910905,-0.03385597605877966,-0.006692283946946764,-0.00739469985135166,-0.27631294832200537,0.02546204066889554,1
2025-02-04,233.2616729736328,231.78610229492188,1.006366087802941,0.9979980690352167,0.021008018792029626,-0.03385597605877966,-0.006692283946946764,-0.38317458970509133,0.020054486368132004,0
2025-02-05,231.89241943359374,231.16357955932617,1.0031529182739642,0.9992670831804037,-0.0014176192440016333,0.021008018792029626,-0.03385597605877966,-0.12086368608725173,0.019546536316457537,1
2025-02-06,231.0239685058594,230.7169334411621,1.0013307868656098,1.0044317378181924,0.0032262916511902606,-0.0014176192440016333,0.021008018792029626,-0.24469779380771983,0.01988647485451488,0
2025-02-07,229.360595703125,229.96821670532228,0.9973578044353152,0.9835484169454211,-0.02396888342173864,0.0032262916511902606,-0.0014176192440016333,0.32687725770501874,0.02196232896234464,1
2025-02-10,229.33879699707032,229.52357177734376,0.9991949638163844,0.9866239834967249,0.001187458730378399,-0.02396888342173864,0.0032262916511902606,-0.16600515775476488,0.016044256275079476,1
2025-02-11,229.35384826660157,229.44784393310547,0.9995903397264814,1.0084964622053734,0.021831762511780095,0.001187458730378399,-0.02396888342173864,0.622147869886096,0.0163157462863126,1
2025-02-12,230.28002014160157,229.63914337158204,1.002790799341132,1.0260664266523638,0.018270203159199028,0.021831762511780095,0.001187458730378399,-0.15776903258473818,0.018112965661075953,1
2025-02-13,231.98424072265624,229.83417510986328,1.0093548560033128,1.0453646120765847,0.01967319998593453,0.018270203159199028,0.021831762511780095,0.1850174500975834,0.019362793136139374,1
2025-02-14,235.41014404296874,230.65934982299805,1.0205965820315384,1.0548646403302395,0.012710697826131767,0.01967319998593453,0.018270203159199028,-0.23721185285214152,0.008289770681489577,0
2025-02-18,238.7564666748047,231.39260482788086,1.0318241019517516,1.0509630332975848,-0.0005314861821118511,0.012710697826131767,0.01967319998593453,0.19381507328309233,0.008997483117124106,1
2025-02-19,241.19358825683588,232.51042404174805,1.0373452685008597,1.047621618605829,0.0016360910581458832,-0.0005314861821118511,0.012710697826131767,-0.3403819960059399,0.009348308746868072,1
2025-02-20,242.97616577148438,233.61686782836915,1.0400625949235447,1.0467476304480097,0.0039204553000191655,0.0016360910581458832,-0.0005314861821118511,0.0034995435377993545,0.008471125229776104,0
2025-02-21,243.77593994140625,234.71783218383788,1.038591476724588,1.0406511592351548,-0.0011389591287577217,0.0039204553000191655,0.0016360910581458832,0.646117047117762,0.005614658534296234,1
2025-02-24,244.27330932617187,235.9396095275879,1.035321325720892,1.0417972611967508,0.006312366928012514,-0.0011389591287577217,0.0039204553000191655,-0.035170891810502036,0.003109288326689089,0
2025-02-25,244.78460998535155,236.80665130615233,1.033689757594203,1.0377308905514389,-0.00024272402154590367,0.006312366928012514,-0.0011389591287577217,-0.06454962748215343,0.0030517406347410877,0
2025-02-26,243.8873504638672,236.9241149902344,1.0293901508249585,1.0091697469452487,-0.027040308179115402,-0.00024272402154590367,0.006312366928012514,-0.07455642499057558,0.013431131567581099,0
2025-02-27,242.19032287597656,236.83473205566406,1.022613198553385,0.9966982580793842,-0.012730769284769683,-0.027040308179115402,-0.00024272402154590367,-0.07381801159482915,0.013149926479295472,1
2025-02-28,241.4522247314453,237.0590934753418,1.0185317980917719,1.0148055909006521,0.019131860379158372,-0.012730769284769683,-0.027040308179115402,0.38100676490027596,0.017725188485658752,0
2025-03-03,239.64775695800782,237.17295150756837,1.0104346024060018,0.99833854847874,-0.015754294880166442,0.019131860379158372,-0.012730769284769683,-0.16978396506279758,0.01760037499062339,0
2025-03-04,237.43742980957032,237.5793258666992,0.9994027424035689,0.9878382327674825,-0.008822402413990682,-0.015754294880166442,0.019131860379158372,0.14017675483214642,0.017149458034243375,0
2025-03-05,236.51829223632814,237.7382698059082,0.994868400571031,0.986382888607542,-0.0008052330722260193,-0.008822402413990682,-0.015754294880166442,-0.12213256601998956,0.013988630276782129,0
2025-03-06,236.12636108398436,237.89321746826172,0.9925729013921422,0.9840259912500054,-0.0017392345454965152,-0.0008052330722260193,-0.008822402413990682,-0.04355927466142684,0.013066830266124041,1
2025-03-07,235.5752746582031,238.1969200134277,0.9889937898648026,0.9983901609235956,0.01589261720118329,-0.0017392345454965152,-0.0008052330722260193,0.024423073517170435,0.011801113860517081,0
2025-03-10,233.4763641357422,238.2018936157226,0.9801616628304229,0.949968718129635,-0.04847965168299462,0.01589261720118329,-0.0017392345454965152,0.5575014695204177,0.023968577794011205,0
2025-03-11,230.47422790527344,237.86318359374997,0.9689361103435988,0.9235530145308225,-0.02918932463623347,-0.04847965168299462,0.01589261720118329,0.05641920767241282,0.025647164405824638,0
2025-03-12,226.7419464111328,237.08529434204098,0.9563728827651963,0.9103877759774416,-0.01747869332981411,-0.02918932463623347,-0.04847965168299462,-0.17849177933577975,0.02475572324603338,0
2025-03-13,221.63890686035157,235.73293914794917,0.9402118671300662,0.8848059678501137,-0.0336437058319391,-0.01747869332981411,-0.02918932463623347,-0.018852871817418793,0.02420251185273415,1
2025-03-14,216.54979248046874,234.33830795288083,0.9240904501367788,0.9062448699040636,0.018170562751941066,-0.0336437058319391,-0.01747869332981411,-0.02054317945910189,0.02511211595825411,1
2025-03-17,213.86796875,232.81634979248048,0.9186123265854395,0.9143482795412826,0.0023889651065525097,0.018170562751941066,-0.0336437058319391,-0.200210955020663,0.021858818909237795,0
2025-03-18,212.2465393066406,231.23570175170894,0.9178796254158967,0.9149630071583258,-0.006121500615978048,0.0023889651065525097,0.018170562751941066,-0.11734139877770244,0.019631634603338083,1
2025-03-19,211.90037231445314,229.76199035644527,0.9222603442184576,0.9318717971580461,0.01198932032463107,-0.006121500615978048,0.0023889651065525097,0.2816951197669706,0.02023966929958016,0
2025-03-20,212.77973022460938,228.18383026123047,0.9324925871435058,0.9333470328897351,-0.005296458501596435,0.01198932032463107,-0.006121500615978048,-0.10154379668072677,0.010675236001602037,1
2025-03-21,213.73070678710937,226.82699966430664,0.9422630776028463,0.9572174941172278,0.01947682645400195,-0.005296458501596435,0.01198932032463107,0.926365401971639,0.011108980628678058,1
2025-03-24,215.06963195800782,225.5154304504394,0.9536803380967441,0.9736356146351681,0.011270501451997816,0.01947682645400195,-0.005296458501596435,-0.5293685818642314,0.011395919866819716,1
2025-03-25,217.27000427246094,224.35705032348628,0.9684117524240625,0.9920525086617944,0.013681841146429008,0.011270501451997816,0.01947682645400195,-0.2213546428289258,0.009255641728079841,0
2025-03-26,218.52138671875,223.42049942016598,0.9780722327891557,0.9863268217348965,-0.00992184063628787,0.013681841146429008,0.011270501451997816,-0.0007972493448059614,0.01274170474164517,1
2025-03-27,220.4611328125,222.7515327453613,0.9897176917050463,0.999649379073112,0.010472596300122428,-0.00992184063628787,0.013681841146429008,0.07626914562425102,0.011147233044975793,0
2025-03-28,220.38752136230468,221.56082382202143,0.9947043776084744,0.9783079482496335,-0.026580254292329242,0.010472596300122428,-0.00992184063628787,0.07342808156399272,0.0175257884290201,1
2025-03-31,220.66604614257812,220.77000274658198,0.9995291180744189,1.000871838966883,0.019412558903452393,-0.026580254292329242,0.010472596300122428,0.6399195350916407,0.019161718131729885,1
2025-04-01,220.55463562011718,220.136351776123,1.0019001125466982,1.008542751825286,0.004772047118026368,0.019412558903452393,-0.026580254292329242,-0.4423722765787689,0.018121584259195633,1
2025-04-02,221.02415771484374,219.54696578979488,1.0067283641098606,1.0144218608349391,0.0031363356171891787,0.004772047118026368,0.019412558903452393,-0.01391822084053096,0.01732407373760102,0
2025-04-03,216.91387939453125,217.94841232299805,0.9952533128484844,0.9273847771617552,-0.09245611817424748,0.0031363356171891787,0.004772047118026368,1.8802787285655005,0.04467033728797513,0
2025-04-04,211.0409149169922,215.42723388671874,0.9796389765091954,0.869852382158251,-0.07288738641142001,-0.09245611817424748,0.0031363356171891787,0.21748324775911576,0.051137353732928686,0
2025-04-07,202.94967041015624,213.13832931518556,0.9521969655210983,0.8468972084161636,-0.03673429969943298,-0.07288738641142001,-0.09245611817424748,0.27444327695219406,0.04388157313139185,0
2025-04-08,192.84903869628906,210.73005447387695,0.9151472920071565,0.8139027148070899,-0.04981817733023208,-0.03673429969943298,-0.07288738641142001,-0.24682316473926302,0.03648811024954434,1
2025-04-09,187.86736145019532,209.82831954956055,0.8953384455134135,0.9426985631458533,0.1532885256174954,-0.04981817733023208,-0.03673429969943298,0.5257046405123305,0.09905131304400355,0
2025-04-10,185.3267852783203,208.87038192749023,0.8872813060812847,0.9068741924420098,-0.04239378450258846,0.1532885256174954,-0.04981817733023208,-0.33903085697675495,0.0921508409279408,1
2025-04-11,187.2705108642578,208.107413482666,0.8998742895810207,0.947148000204377,0.040594423581418404,-0.04239378450258846,0.1532885256174954,-0.2826066622907778,0.08650204789806397,1
2025-04-14,191.4603698730469,207.53642959594725,0.9225386128392068,0.9706997057802083,0.022053996592583225,0.040594423581418404,-0.04239378450258846,0.1591680305229317,0.08192857789477712,0
2025-04-15,197.3731262207031,207.01170120239257,0.9534394677899586,0.9713341999417935,-0.0018763741147476143,0.022053996592583225,0.040594423581418404,-0.49341459395833764,0.07338002905786,0
2025-04-16,196.46194152832032,205.96871185302734,0.9538436190663233,0.9382441155560648,-0.038933304436288285,-0.0018763741147476143,0.022053996592583225,0.16337870711028968,0.036627653394176715,1
2025-04-17,197.76704406738278,205.1172103881836,0.9641660185077077,0.9552814766739209,0.013949571259215032,-0.038933304436288285,-0.0018763741147476143,-0.12669338583415368,0.029966810125061034,0
2025-04-21,196.7742919921875,203.86830978393556,0.965202940078002,0.9424944972343937,-0.01939277790713312,0.013949571259215032,-0.038933304436288285,-0.10394385475235168,0.024795437439010224,1
2025-04-22,196.2212158203125,202.82432556152344,0.9674441922933549,0.9796170638704604,0.03406499428742693,-0.01939277790713312,0.013949571259215032,0.13336685029683903,0.02837564204668631,1
2025-04-23,196.71063537597655,201.8718589782715,0.9744331694946621,1.0081872925450317,0.024331715299455325,0.03406499428742693,-0.01939277790713312,-0.0008909627683270083,0.03082051094484528,1
2025-04-24,199.51581115722655,201.2173179626465,0.9915439345745787,1.0301042320298375,0.01842611190677923,0.024331715299455325,0.03406499428742693,-0.10614556804183706,0.020270904613406564,1
2025-04-25,201.96287841796877,200.49264678955078,1.0073330950135106,1.0383423595234824,0.004367135302645986,0.01842611190677923,0.024331715299455325,-0.19210543002684366,0.02075663295908214,1
2025-04-28,205.34102478027344,200.10668563842773,1.0261577424319726,1.0446202298361238,0.004109347565487198,0.004367135302645986,0.01842611190677923,0.01362555366893159,0.012968636671424946,1
2025-04-29,207.6229675292969,199.5635559082031,1.0403851874878447,1.0527968550021558,0.005091920419582063,0.004109347565487198,0.004367135302645986,-0.04944106176325591,0.009472478329459822,1
2025-04-30,209.1946594238281,199.03186492919923,1.0510611428890748,1.0620565832118722,0.006107658696214546,0.005091920419582063,0.004109347565487198,0.4197639813618048,0.006090078518294882,1
2025-05-01,210.17945861816406,198.50614318847656,1.058805814481036,1.0689785381665389,0.0038588909727230725,0.006107658696214546,0.005091920419582063,0.09714170961911783,0.0009085694634138632,0
2025-05-02,209.39759216308593,198.61357498168945,1.054296475869742,1.0284829507651316,-0.037361808129212304,0.0038588909727230725,0.006107658696214546,0.7608187470910317,0.018872661272750134,0
2025-05-05,207.1594207763672,199.13631210327148,1.0402895312680842,0.993513603421379,-0.03145845887412524,-0.037361808129212304,0.0038588909727230725,-0.31672022540208655,0.021711721303049956,0
2025-05-06,204.6327697753906,199.9843307495117,1.0232440162109564,0.9874105050542938,-0.0019106203280500056,-0.03145845887412524,-0.037361808129212304,-0.25793084462861404,0.020633246226870315,0
2025-05-07,201.39985046386718,201.16956787109376,1.0011447188320302,0.9704176825814325,-0.01138482578047606,-0.0019106203280500056,-0.03145845887412524,0.3381761736940243,0.018089147760361808,1
2025-05-08,198.25048828125,201.10192489624023,0.9858209382308923,0.9768777496832511,0.006318509532712513,-0.01138482578047606,-0.0019106203280500056,-0.2634763564630337,0.018772882158448564,1
2025-05-09,196.89365844726564,201.5052932739258,0.977114076003993,0.9800562718756729,0.005266073450536091,0.006318509532712513,-0.01138482578047606,-0.2778388594046225,0.01557653420008921,1
2025-05-12,199.3161407470703,202.1477195739746,0.9859925264906682,1.0386317834862178,0.06314618136852768,0.005266073450536091,0.006318509532712513,0.7494918239200743,0.02929803908236984,1
2025-05-13,202.24053344726562,202.6793716430664,0.997834815688231,1.0464241664553846,0.01015229570024756,0.06314618136852768,0.005266073450536091,-0.18606587451666623,0.02831687037597204,0
2025-05-14,205.49502563476562,203.20004272460935,1.011294204860314,1.0408017831152825,-0.0028178117705190964,0.01015229570024756,0.06314618136852768,-0.04976950180410833,0.026547897702957367,0
2025-05-15,208.3275146484375,204.0683181762695,1.0208714243848915,1.0320780942392285,-0.0041445074093784395,-0.0028178117705190964,0.01015229570024756,-0.0871004626382137,0.027919446436500975,0
2025-05-16,210.91524963378907,204.7923446655273,1.0298981144937907,1.0275052114847751,-0.0008985115224214857,-0.0041445074093784395,-0.0028178117705190964,0.21560088386502185,0.02854827728958606,0
2025-05-19,210.51484375,205.58285751342774,1.0239902601618918,1.0115387032027272,-0.01173901371864805,-0.0008985115224214857,-0.0041445074093784395,-0.15706484903512918,0.007889021541075278,0
2025-05-20,209.3056396484375,205.95047760009766,1.0162911107924435,1.000447167797132,-0.009196436302054134,-0.01173901371864805,-0.0008985115224214857,-0.07897400331595883,0.004540320881967994,0
2025-05-21,207.26573181152344,205.83881683349608,1.0069321957829829,0.977908009329116,-0.023059042422962528,-0.009196436302054134,-0.01173901371864805,0.3933302899526079,0.00853151629915357,0
2025-05-22,205.25570678710938,205.50329208374023,0.9987952246695397,0.9759664371418963,-0.003612234385890978,-0.023059042422962528,-0.009196436302054134,-0.21058978109093118,0.008622677251098606,0
2025-05-23,202.0703430175781,204.8192108154297,0.9865790528783518,0.9496100575430356,-0.03024432937368582,-0.003612234385890978,-0.023059042422962528,0.677981875128363,0.010836381168763105,1
2025-05-27,200.3631103515625,204.33837890624997,0.980545658745236,0.9759246149802263,0.025298262774380076,-0.03024432937368582,-0.003612234385890978,-0.2823356015141605,0.021511106150074896,1
2025-05-28,199.0802032470703,203.81478652954098,0.9767701678416524,0.9794580653258408,0.001048961697021067,0.025298262774380076,-0.03024432937368582,-0.1945122005382982,0.02187295340107523,0
2025-05-29,198.65389404296874,203.20362548828123,0.9776099888258397,0.9801000406032738,-0.002345136061230768,0.001048961697021067,0.025298262774380076,0.13359373793827478,0.019716412216915193,1
2025-05-30,198.55229797363282,202.5965019226074,0.9800381353547779,0.987461943077581,0.0045011768949494435,-0.002345136061230768,0.001048961697021067,0.3779048501073996,0.019880743667394247,1
2025-06-02,199.83321838378907,202.42811737060543,0.9871811336264832,0.992465805781948,0.0042320537763564925,0.0045011768949494435,-0.002345136061230768,-0.4998114936620921,0.010844961188513776,1
2025-06-03,200.44280090332032,202.65922393798826,0.9890633004923273,0.9990503389047554,0.007783765588379676,0.0042320537763564925,0.0045011768949494435,0.3093528835540449,0.003841327221586091,0
2025-06-04,200.92090759277343,202.8868209838867,0.9903102952592993,0.9957205153425582,-0.0022136789123288203,0.007783765588379676,0.0042320537763564925,-0.05988581678941651,0.004487713696267125,0
2025-06-05,201.0563720703125,203.11775588989255,0.9898512869515086,0.9838490145973319,-0.010797848768936524,-0.0022136789123288203,0.007783765588379676,0.2642441060453169,0.007378924882957304,1
2025-06-06,201.6679443359375,203.45086593627929,0.9912365986149196,0.9983452065569433,0.016398311888850436,-0.010797848768936524,-0.0022136789123288203,-0.1545257146796164,0.010264596822419942,0
2025-06-09,201.61813659667968,203.60923690795897,0.990220972577097,0.9854854768379525,-0.012112648419101313,0.016398311888850436,-0.010797848768936524,0.5633167910023451,0.012222155023401073,1
2025-06-10,201.4986114501953,203.20484161376953,0.991603398078392,0.9934268249803403,0.006056171467545557,-0.012112648419101313,0.016398311888850436,-0.24964796754439178,0.01196209176803291,0
2025-06-11,200.693798828125,202.50013732910156,0.9910798159211077,0.977749987962519,-0.019193789486923962,0.006056171467545557,-0.012112648419101313,0.1155478246873205,0.014663477044911657,1
2025-06-12,200.40892639160157,201.84623107910156,0.9928792096844418,0.982990074851182,0.002112861450667136,-0.019193789486923962,0.006056171467545557,-0.2801332679673192,0.014283563636150676,0
2025-06-13,198.92082824707032,201.0991943359375,0.9891677035501782,0.9730208353187796,-0.01380523416418622,0.002112861450667136,-0.019193789486923962,0.1717974881903035,0.010884530028579573,1
2025-06-16,198.31722412109374,200.45973052978516,0.9893120358735937,0.9859133541217804,0.010028016936178608,-0.01380523416418622,0.002112861450667136,-0.1637909083664254,0.012814726680336742,0
2025-06-17,196.91677856445312,199.80532531738282,0.9855431943651084,0.9752838796076057,-0.014010673651904004,0.010028016936178608,-0.01380523416418622,-0.09680223706262336,0.012421185752946689,1
2025-06-18,196.4785186767578,199.29335708618163,0.9858759044928598,0.9824873756970662,0.004804789802485221,-0.014010673651904004,0.010028016936178608,0.16827430371472252,0.011083347382758646,1
2025-06-20,196.83710021972655,199.23907318115235,0.9879442675421308,1.0048518411330265,0.022484525012509637,0.004804789802485221,-0.014010673651904004,1.1327049192967462,0.015795798879020544,1
2025-06-23,197.84311218261718,199.24604568481445,0.9929587887309114,1.0073161812537659,0.0024875227541492073,0.022484525012509637,0.004804789802485221,-0.4234863939429935,0.013215708325789076,0
2025-06-24,198.2176300048828,199.49655227661134,0.9935892512570581,1.0000599615760224,-0.005955301634066434,0.0024875227541492073,0.022484525012509637,-0.031359346977387514,0.013668774904153322,1
2025-06-25,199.3969512939453,199.56378555297852,0.9991640053400925,1.006011780798838,0.0062904828225489595,-0.005955301634066434,0.0024875227541492073,-0.26890907073098547,0.010350322416454252,0
2025-06-26,200.27745971679687,199.5926712036133,1.0034309301491586,1.0030716473927042,-0.0027782426676479233,0.0062904828225489595,-0.005955301634066434,0.2852169601044383,0.01110163291903507,1
2025-06-27,200.29339599609375,199.6489486694336,1.0032279024305166,1.003188006964281,0.0003979975434207361,-0.0027782426676479233,0.0062904828225489595,0.4407459974684591,0.004718618482925563,1
2025-06-30,201.02449645996094,199.86409530639648,1.0058059510478135,1.022491147673067,0.020340157852722696,0.0003979975434207361,-0.0027782426676479233,0.2558349251112879,0.0103645158503169,1
2025-07-01,202.52254943847657,200.16888504028321,1.0117583929076674,1.0341206589386622,0.012916033277062144,0.020340157852722696,0.0003979975434207361,-0.14278642365372396,0.009377159207705306,1
2025-07-02,204.68995361328126,200.62557373046874,1.020258533382553,1.0547037260833378,0.022230859910811418,0.012916033277062144,0.020340157852722696,-0.137672946316042,0.011386039005061334,1
2025-07-03,207.19003601074218,201.15995330810546,1.029976556483888,1.0573981451130747,0.005225040243511225,0.022230859910811418,0.012916033277062144,-0.48550376940263573,0.00942507195929009,0
2025-07-07,208.95702514648437,201.62411193847657,1.036369227556699,1.0371794056592047,-0.01685792685476961,0.005225040243511225,0.022230859910811418,0.43692892166679065,0.015824113445071546,1
2025-07-08,209.92119750976562,201.92740859985352,1.0395874387005721,1.0359174688335724,0.00028573694703482033,-0.01685792685476961,0.005225040243511225,-0.14692906488283664,0.014657096221796263,1
2025-07-09,210.58257446289062,202.40999450683594,1.040376365682766,1.0390082988485898,0.005380692982602575,0.00028573694703482033,-0.01685792685476961,0.13770481856010308,0.01398060456361592,1
2025-07-10,210.57660217285155,202.89507141113282,1.0378596222584107,1.0427590834980167,0.006015124005702255,0.005380692982602575,0.00028573694703482033,-0.08832518964335967,0.009704451157398082,0
2025-07-11,210.10048828125,203.51162567138672,1.0323758536551735,1.0334819514469973,-0.005884967980950839,0.006015124005702255,0.005380692982602575,-0.10525249979749618,0.009481127475867572,0
2025-07-14,209.83554077148438,203.98076553344725,1.0287025848869906,1.0187021236765246,-0.012028745424552345,-0.005884967980950839,0.006015124005702255,-0.02327879735853422,0.007693679576007635,1
2025-07-15,209.65625610351563,204.61126556396485,1.0246564651542789,1.0179483817323154,0.0023487866695008908,-0.012028745424552345,-0.005884967980950839,0.08898535276685693,0.007850121687013408,1
2025-07-16,209.46103210449218,205.19594650268556,1.0207854281456326,1.0201446355795492,0.005021215625020892,0.0023487866695008908,-0.012028745424552345,0.12280506805559832,0.00778031275668349,0
2025-07-17,208.98491821289062,205.9121063232422,1.0149229297126643,1.0159194278967827,-0.0006661019354642361,0.005021215625020892,0.0023487866695008908,0.012162432486497288,0.006807434903810479,1
2025-07-18,208.98890380859376,206.63922195434571,1.0113709383534515,1.0179360821732304,0.005523257149813832,-0.0006661019354642361,0.005021215625020892,0.01885866094145605,0.007182658099910391,1
2025-07-21,209.75784912109376,207.21095275878906,1.0122913211314148,1.0213763451343865,0.006155802989930459,0.005523257149813832,-0.0006661019354642361,0.04906216691917842,0.002827840590181844,1
2025-07-22,210.81166381835936,207.8534034729004,1.0142324364000355,1.0274201749080807,0.00903615217897702,0.006155802989930459,0.005523257149813832,-0.09679937092963053,0.0035356885858542457,0
2025-07-23,211.60651245117188,208.5431671142578,1.0146892625603778,1.0228279841678016,-0.001165954944465697,0.00903615217897702,0.006155802989930459,0.012610954635474014,0.004487225118357852,0
2025-07-24,212.35155334472657,209.1507568359375,1.015303776841218,1.0179992505966335,-0.0018212218160039706,-0.001165954944465697,0.00903615217897702,-0.02057276869414948,0.004792493533645364,1
2025-07-25,212.88942260742186,209.79221267700194,1.0147632263890958,1.0154565015289594,0.0005615031169694529,-0.0018212218160039706,-0.001165954944465697,-0.1250211852437716,0.004794318341570137,1
2025-07-28,213.20218505859376,210.43815002441406,1.0131346670452055,1.0131441368008147,0.000794759685829316,0.0005615031169694529,-0.0018212218160039706,-0.059867689129052715,0.004367715768081141,0
2025-07-29,212.5786590576172,210.74194412231446,1.0087154692576845,0.998544219675358,-0.01298768034379394,0.000794759685829316,0.0005615031169694529,0.3580141581700036,0.00573503289848048,0
2025-07-30,211.56268615722655,210.8032012939453,1.0036028146566058,0.9877645189986628,-0.010507880529716518,-0.01298768034379394,0.000794759685829316,-0.11474430917475986,0.006491106779716191,0
2025-07-31,210.32958374023437,210.56066436767577,0.9989025460755676,0.9819013549212632,-0.00707949919695372,-0.010507880529716518,-0.01298768034379394,0.77310409228234,0.006312963028044807,0
2025-08-01,208.03866882324218,210.00437088012694,0.990639708837266,0.9598861723840566,-0.025003699383485234,-0.00707949919695372,-0.010507880529716518,0.29413346485184344,0.009417722688079723,1
2025-08-04,205.9071258544922,209.67567520141603,0.982026768993095,0.9659988590385016,0.004792984751981866,-0.025003699383485234,-0.00707949919695372,-0.28079992722711367,0.010741664280916535,0
2025-08-05,204.24372253417968,209.32257537841798,0.9757367171932763,0.9655821078043219,-0.0021147220316880544,0.004792984751981866,-0.025003699383485234,-0.4121220674403836,0.011119330180321647,1
2025-08-06,205.08040466308594,209.42765884399415,0.9792422156418864,1.0142277030000555,0.050906861490558564,-0.0021147220316880544,0.004792984751981866,1.4568645524526045,0.028292185447129928,1
2025-08-07,207.56255493164062,209.80715255737306,0.9893016153244888,1.0445809416272631,0.03179372151243265,0.050906861490558564,-0.0021147220316880544,-0.16830547799611184,0.029689844013914647,1
2025-08-08,212.93524475097655,210.7130599975586,1.0105460228874457,1.0841460934949805,0.0423579323014438,0.03179372151243265,0.050906861490558564,0.26189251735664687,0.023241404665806067,0
2025-08-11,217.73377075195313,211.6502326965332,1.028743356328564,1.0703465341443432,-0.008337491848564471,0.0423579323014438,0.03179372151243265,-0.45714599399230593,0.026662748628249165,1
2025-08-12,223.11056823730468,212.68615341186523,1.0490131334749029,1.0767138212717529,0.010872419065924843,-0.008337491848564471,0.0423579323014438,-0.09998851246074414,0.024125969695745722,1
2025-08-13,227.1634521484375,213.85326385498047,1.0622398183386297,1.0879972030142515,0.01602444528652036,0.010872419065924843,-0.008337491848564471,0.2562155962478112,0.019560638983019584,0
2025-08-14,229.7560028076172,214.9999237060547,1.0686329504085632,1.079643668114833,-0.0023571690519696986,0.01602444528652036,0.010872419065924843,-0.25704902080038927,0.019738280626194666,0
2025-08-15,230.25458984375,216.02948150634765,1.065847995552331,1.0690053710035172,-0.005112068529734892,-0.0023571690519696986,0.01602444528652036,0.07940473415863614,0.010625410409538457,0
2025-08-18,230.99449768066407,216.9593948364258,1.0646899981207079,1.061206095157734,-0.0030226633346254195,-0.005112068529734892,-0.0023571690519696986,-0.33124430081354495,0.009513066832579301,0
2025-08-19,231.17598876953124,217.7772346496582,1.061525044807497,1.0557098715385698,-0.0014291944969684334,-0.0030226633346254195,-0.005112068529734892,0.051403290621781395,0.008606450078882723,0
2025-08-20,229.71611633300782,218.38066482543945,1.0519068458584886,1.0320162315066659,-0.019734652812962272,-0.0014291944969684334,-0.0030226633346254195,0.07261703542405828,0.007614260036802817,0
2025-08-21,228.14455871582032,218.94817504882812,1.042002559121314,1.024285852752427,-0.004911305040181113,-0.019734652812962272,-0.0014291944969684334,-0.2754762338544242,0.007362515508467848,1
2025-08-22,227.3807159423828,219.65230484008788,1.03518474849568,1.0339862462337923,0.01271681885277487,-0.004911305040181113,-0.019734652812962272,0.38720233041161034,0.011541301916195028,0
2025-08-25,226.63682250976564,220.31805419921875,1.0286802111316453,1.0281461765009803,-0.0026343069945183872,0.01271681885277487,-0.004911305040181113,-0.2706048806670779,0.011544741019738748,1
2025-08-26,226.3875244140625,221.22945098876954,1.023315491686298,1.0336014708507677,0.00946463359101557,-0.0026343069945183872,0.01271681885277487,0.7614473696950919,0.012909436522828376,1
2025-08-27,227.28099975585937,222.31024322509765,1.0223595478941951,1.0338694435385647,0.005145918125483151,0.00946463359101557,-0.0026343069945183872,-0.42722047233994986,0.007592333970784152,1
2025-08-28,228.80867919921874,223.5679489135742,1.0234413309739245,1.0372860534446362,0.00898081290311703,0.005145918125483151,0.00946463359101557,0.21802012188294762,0.0058861240734760355,0
2025-08-29,229.6822082519531,225.0631896972656,1.020523207552957,1.0285338430209203,-0.001805954775134011,0.00898081290311703,0.005145918125483151,0.03529115134196714,0.005778469968001481,0
2025-09-02,230.19276123046876,226.38946304321288,1.0167998021468425,1.0118489034443963,-0.010424763463665943,-0.001805954775134011,0.00898081290311703,0.11814787003023963,0.008408910028243588,1
2025-09-03,232.01959228515625,228.17341842651368,1.0168563625209537,1.0421776684190025,0.038089831791702444,-0.010424763463665943,-0.001805954775134011,0.5071331984136347,0.01837208733527004,1
2025-09-04,233.87234802246093,229.50822906494142,1.019015087063761,1.041808161374996,0.005493356125531479,0.038089831791702444,-0.010424763463665943,-0.28419426806246784,0.01835925976861176,0
2025-09-05,235.29432678222656,230.5008918762207,1.0207957325760801,1.0369322533140235,-0.00037530576155886397,0.005493356125531479,0.038089831791702444,0.1539661909508847,0.018716124938895542,0
2025-09-08,236.4390899658203,230.93915100097655,1.0238155329705032,1.0271490230724918,-0.007551387387481956,-0.00037530576155886397,0.005493356125531479,-0.10699575727532518,0.01949053740717019,0
2025-09-09,237.36248168945312,231.2966407775879,1.0262253740109355,1.0103427691996494,-0.014839386058828619,-0.007551387387481956,-0.00037530576155886397,0.3533587077419158,0.020443296755489598,0
2025-09-10,235.03307189941407,231.154044342041,1.0167811364426453,0.9783527383414734,-0.03225954103271722,-0.014839386058828619,-0.007551387387481956,0.2582701364269029,0.014641871430799154,1
2025-09-11,233.08857421875,230.98950958251953,1.009087272577981,0.9930366887822362,0.014286370691166894,-0.03225954103271722,-0.014839386058828619,-0.3982727874133517,0.017249730207241395,1
2025-09-12,231.96774597167968,231.05382766723633,1.0039554346001123,1.0101960669740844,0.01756295951024689,0.014286370691166894,-0.03225954103271722,0.11184538107017516,0.020775525114896352,1
2025-09-15,231.73240966796874,231.30860595703126,1.0018322003592732,1.020421358058486,0.011235926409398633,0.01756295951024689,0.014286370691166894,-0.23510771314232892,0.021774224628332776,1
2025-09-16,232.49026184082032,231.67058181762695,1.0035381273563626,1.0250682134558082,0.006125890181851723,0.011235926409398633,0.01756295951024689,0.48528905490696617,0.020368708274918747,1
2025-09-17,234.9233825683594,232.09089279174805,1.0122042262948805,1.026820971007574,0.003527257082143187,0.006125890181851723,0.011235926409398633,-0.2666793858826163,0.005755523454747856,0
2025-09-18,236.48895568847655,232.6827194213867,1.0163580530456016,1.0194522564018176,-0.004644562289381371,0.003527257082143187,0.006125890181851723,-0.04855938763223533,0.008331485511095034,1
2025-09-19,238.76850280761718,233.70981369018554,1.0216451720086415,1.04748448385218,0.032032859968438965,-0.004644562289381371,0.003527257082143187,2.7004018115417994,0.013763623024099926,1
2025-09-22,242.6335662841797,235.12181854248047,1.0319483227386745,1.0860649206741528,0.043095737653501276,0.032032859968438965,-0.004644562289381371,-0.35558469366006007,0.020435833397845153,0
2025-09-23,245.88038330078126,236.48147201538086,1.0397448104720401,1.0728630549143772,-0.00644321911659651,0.043095737653501276,0.032032859968438965,-0.4287653031632698,0.022615185107474515,0
2025-09-24,248.536865234375,237.62822799682618,1.0459063189988291,1.0587892174568025,-0.008332388601025364,-0.00644321911659651,0.043095737653501276,-0.29815745115735826,0.024470271103086572,1
2025-09-25,252.32415161132812,238.9435073852539,1.0559991956780828,1.0719912753754826,0.018073060767529903,-0.008332388601025364,-0.00644321911659651,0.30490004420417116,0.022862616510092252,0
2025-09-26,254.31053466796874,240.08527755737305,1.0592508514279735,1.0610368175815417,-0.005489212856193304,0.018073060767529903,-0.008332388601025364,-0.1653161745658227,0.022306536479385956,0
2025-09-29,253.9814697265625,241.1966339111328,1.053005863341112,1.0518896154684678,-0.0040319034973952395,-0.005489212856193304,0.018073060767529903,-0.12910324830769837,0.010911235087046726,1
2025-09-30,254.02135620117187,242.43862075805663,1.0477759500812962,1.047323508425294,0.0007860573749713939,-0.0040319034973952395,-0.005489212856193304,-0.06039219790817818,0.010522209410554607,1
2025-10-01,254.6475830078125,243.28522567749025,1.0467038526432537,1.0470399050754111,0.0032203038937570483,0.0007860573749713939,-0.0040319034973952395,0.2919985253671331,0.00938708240270586,1
2025-10-02,254.69943237304688,244.1502784729004,1.0432076259184664,1.050191724762833,0.006576637201686886,0.0032203038937570483,0.0007860573749713939,-0.12488632607941474,0.005010054518526012,1
2025-10-03,255.2099853515625,245.06419219970704,1.0414005533031423,1.0498966880096567,0.0034612549164674267,0.006576637201686886,0.0032203038937570483,0.15306988942111466,0.003950553809109767,0
2025-10-06,255.66070861816405,246.00203857421874,1.0392625609930923,1.0405029662095797,-0.005154581092729149,0.0034612549164674267,0.006576637201686886,-0.09137310906590501,0.004387058735255185,0
2025-10-07,256.0296691894531,247.10541763305665,1.0361151594403675,1.035009560601186,-0.00081800405341792,-0.005154581092729149,0.0034612549164674267,-0.28453052899308395,0.004533916942969855,1
2025-10-08,256.5501953125,248.6645065307617,1.0317121606607849,1.0348560548709018,0.006160158880694544,-0.00081800405341792,-0.005154581092729149,0.1421056584407212,0.004987654920069249,0
2025-10-09,255.933935546875,249.86161880493165,1.0243027191250371,1.0138544064281723,-0.015577803989300865,0.006160158880694544,-0.00081800405341792,0.05000698689477745,0.008534848658732875,0
2025-10-10,253.39113159179684,250.42003860473633,1.0118644378605424,0.9766712972634207,-0.03452204809648318,-0.015577803989300865,0.006160158880694544,0.6178461458170241,0.01582228705158525,1
2025-10-13,251.5902252197265,250.96649246215821,1.0024853228470822,0.9840410030313685,0.009744353055413102,-0.03452204809648318,-0.015577803989300865,-0.3847830049145875,0.01818531022545023,1
2025-10-14,249.85313415527338,251.4461357116699,0.9936646409304011,0.9826001648623865,0.0004441806313149055,0.009744353055413102,-0.03452204809648318,-0.06986621363346779,0.018301017037827303,1
2025-10-15,248.1140563964844,251.96217498779296,0.9847273957232072,0.9868012190041793,0.006336506208048043,0.0004441806313149055,0.009744353055413102,-0.04465866170584587,0.018332261201220498,0
2025-10-16,246.7997802734375,252.43932495117187,0.9776598013054218,0.977470220438713,-0.007579973963228515,0.006336506208048043,0.0004441806313149055,0.1735843935138197,0.017703759703467273,1
2025-10-17,248.19981994628907,252.7778678894043,0.9818890475604525,0.9952543093652979,0.019559481728368633,-0.007579973963228515,0.006336506208048043,0.23556326520350956,0.010159090844321829,1
2025-10-20,251.1075866699219,253.08499755859376,0.9921867716073764,1.033250311596793,0.039438583313727404,0.019559481728368633,-0.007579973963228515,0.8410686308421673,0.018427969514315714,1
2025-10-21,254.09912109375,253.5008201599121,1.0023601538387943,1.0336403896371849,0.002021161098058055,0.039438583313727404,0.019559481728368633,-0.48392626239183056,0.01820054483778314,0
2025-10-22,255.91598205566407,253.80695419311525,1.0083095747681685,1.0154209014871023,-0.01644018580608131,0.002021161098058055,0.039438583313727404,-0.03599031178326151,0.022338362762405986,1
2025-10-23,258.33514099121095,253.94207229614258,1.0172994913971767,1.0193179686400795,0.004372292332100125,-0.01644018580608131,0.002021161098058055,-0.2723607306849005,0.020929705725818672,1
2025-10-24,260.43519897460936,254.30903396606445,1.0240894509841219,1.0305514835979677,0.012481604994716733,0.004372292332100125,-0.01644018580608131,0.16787717257570622,0.020334679715030727,1
2025-10-27,261.74549560546876,255.0260040283203,1.026348260455833,1.051075700156525,0.022791195406501874,0.012481604994716733,0.004372292332100125,0.17343420375022545,0.014503791671992639,1
2025-10-28,262.98797607421875,255.74247512817382,1.028331238064438,1.0488718728977249,0.0007067784700340862,0.022791195406501874,0.012481604994716733,-0.07470560191765319,0.01458399376864412,1
2025-10-29,265.23162841796875,256.4529655456543,1.0342310834801076,1.0486880016263318,0.0026023570250897077,0.0007067784700340862,0.022791195406501874,0.2299734198792338,0.009118725855216149,1
2025-10-30,267.5889526367188,257.16445236206056,1.0405363189931929,1.0523784912460665,0.006303249053230431,0.0026023570250897077,0.0007067784700340862,0.36799793292579097,0.008934425446395706,0
2025-10-31,269.0946899414063,257.7802101135254,1.043891964487491,1.0458802816973314,-0.0037951562818203666,0.006303249053230431,0.0026023570250897077,0.2329577243101315,0.010212200604771791,0
2025-11-03,269.14255981445314,258.3964668273926,1.0415876158021884,1.0382920029887204,-0.004882115436205092,-0.0037951562818203666,0.006303249053230431,-0.41747372256928683,0.004611564855165192,1
2025-11-04,269.3499816894531,259.07255325317385,1.0396700781585142,1.0393929996090336,0.0036796358788213634,-0.004882115436205092,-0.0037951562818203666,-0.01832468034410073,0.00487920964326474,1
2025-11-05,269.43773193359374,259.6748497009277,1.0375965644878975,1.0373661503228724,0.00037025250608935245,0.0036796358788213634,-0.004882115436205092,-0.11347991265312085,0.004771905093868009,0
2025-11-06,269.11265258789064,260.45913162231443,1.0332241028052127,1.0328259177354322,-0.0013696651457605347,0.00037025250608935245,0.0036796358788213634,0.1721695575634512,0.0034131412941295946,0
2025-11-07,268.7337280273438,261.6158592224121,1.0272073291966617,1.0233042322529906,-0.004818894404181151,-0.0013696651457605347,0.00037025250608935245,-0.05813217717365826,0.0036315043453627903,1
2025-11-10,268.8615966796875,262.7143096923828,1.023399132671923,1.0236607540869633,0.004548580566314353,-0.004818894404181151,-0.0013696651457605347,-0.14338322198584208,0.0038178064877923044,1
2025-11-11,269.95386962890626,264.09773712158204,1.0221741108846694,1.0402950285855728,0.021601262506795837,0.004548580566314353,-0.004818894404181151,0.11850921273031823,0.010366588980980999,0
2025-11-12,270.6708679199219,265.3140525817871,1.0201904696943387,1.0288293739769212,-0.006466751071293797,0.021601262506795837,0.004548580566314353,0.047387590541093205,0.011377612240108454,0
2025-11-13,271.35784301757815,266.5986473083496,1.0178515373475396,1.0219249793250516,-0.001901626573266424,-0.006466751071293797,0.021601262506795837,0.02489359064424157,0.011427546476215744,0
2025-11-14,272.1962890625,267.61497650146487,1.0171190440121354,1.0160300060408536,-0.001978282909578022,-0.001901626573266424,-0.006466751071293797,-0.043777770609723654,0.011030692043370812,0
2025-11-17,271.8030212402344,267.88816833496094,1.0146137581573906,0.9965501310382888,-0.01817127205638569,-0.001978282909578022,-0.001901626573266424,-0.05087357926095215,0.014461935047586947,0
2025-11-18,270.24391479492186,268.133935546875,1.0078691242260829,0.9955622745672629,-7.47610048428271e-05,-0.01817127205638569,-0.001978282909578022,0.01463849145791829,0.007349165735495947,1
2025-11-19,269.26373291015625,268.65099029541017,1.002280812790127,0.9978075305302593,0.004187958188325291,-7.47610048428271e-05,-0.01817127205638569,-0.11499804060222474,0.00852811880615047,0
2025-11-20,267.926220703125,268.9964172363281,0.9960215212373521,0.9879546308976828,-0.008601462569680418,0.004187958188325291,-7.47610048428271e-05,0.13356009350764997,0.008721152939965292,1
2025-11-21,267.7425537109375,269.4418151855469,0.9936934010281989,1.0057329484803914,0.019680647235321702,-0.008601462569680418,0.004187958188325291,0.2882182979949197,0.014206318908390747,1
2025-11-24,269.4314270019531,269.80965118408204,0.9985981814198674,1.0207505717613814,0.016317581500066458,0.019680647235321702,-0.008601462569680418,0.11104372632591808,0.011689156565933778,1
2025-11-25,271.3338928222656,270.22041473388674,1.0041206290408349,1.0230772539355906,0.0038052736187974556,0.016317581500066458,0.019680647235321702,-0.2846896736793635,0.011281679947461222,1
2025-11-26,273.12855834960936,270.62522277832034,1.0092501931105646,1.0236862107447429,0.002094178534708613,0.0038052736187974556,0.016317581500066458,-0.2873927297065707,0.011453324409610374,1
2025-11-28,275.6438842773438,271.01015014648436,1.0170980095334246,1.0270201525357818,0.0046837961187689015,0.002094178534708613,0.0038052736187974556,-0.3977039549644945,0.008068893646292973,1
2025-12-01,277.9615844726562,271.6585388183594,1.0232020892172702,1.0401845398865632,0.01524119743713337,0.0046837961187689015,0.002094178534708613,1.3136981267009675,0.006785482867775891,1
2025-12-02,280.011767578125,272.526953125,1.0274644924742249,1.0481872268582955,0.010914832876105063,0.01524119743713337,0.0046837961187689015,0.1520100799137969,0.005528932875463933,0
2025-12-03,281.4451049804687,273.24419555664065,1.0300131148517961,1.0379837943024408,-0.007128157809805358,0.010914832876105063,0.01524119743713337,-0.18876270507457682,0.008593216657817135,0
2025-12-04,282.0739318847656,273.7842727661133,1.0302780690610887,1.0233584293526055,-0.012141479874668626,-0.007128157809805358,0.010914832876105063,0.010344819666181948,0.011670667674676428,0
2025-12-05,282.05995483398436,274.2469757080078,1.0284888433347577,1.0146438252232517,-0.006840055245008081,-0.012141479874668626,-0.007128157809805358,0.07448890747935288,0.012211058202133838,0
2025-12-08,281.01988525390624,274.730078125,1.0228944976532364,1.0096261253943857,-0.003192433705098474,-0.006840055245008081,-0.012141479874668626,-0.19155499325093406,0.008756700554231327,0
2025-12-09,279.2212280273437,275.1168609619141,1.0149186314901937,1.0056307859143618,-0.0025549528865235205,-0.003192433705098474,-0.006840055245008081,-0.15750370304460926,0.0038326634718644694,1
2025-12-10,278.14921875,275.29303283691405,1.0103750751831702,1.0107883865449172,0.005772358970110858,-0.0025549528865235205,-0.003192433705098474,0.026247697502275402,0.006564510271209462,0
2025-12-11,277.6162109375,275.52060852050784,1.0076059733906844,1.0072364669455163,-0.002690246960942222,0.005772358970110858,-0.0025549528865235205,0.006347178880269366,0.004636622443478823,1
2025-12-12,277.5163940429687,275.78661346435547,1.0062721702003017,1.0071696828443963,0.0008990946591842519,-0.002690246960942222,0.005772358970110858,0.18903091915303172,0.003790167110642714,0
2025-12-15,276.7617919921875,275.8714538574219,1.0032273659427835,0.9917722556177899,-0.014984890847580368,0.0008990946591842519,-0.002690246960942222,0.2751176867874605,0.007675827938192737,1
2025-12-16,276.2487426757813,276.2282913208008,1.0000740378723798,0.9922978461574766,0.0018241281266524467,-0.014984890847580368,0.0008990946591842519,-0.25313881818957296,0.007943353751230148,0
2025-12-17,274.8633178710937,276.44788360595703,0.9942681213030304,0.9815082428035518,-0.010087028861802239,0.0018241281266524467,-0.014984890847580368,0.33175470004196694,0.0072848920057558995,1
2025-12-18,273.6974853515625,276.62904663085936,0.9894025543774192,0.9821283954383946,0.001287574790797441,-0.010087028861802239,0.0018241281266524467,0.029757452825861064,0.007800233896255013,1
2025-12-19,272.77720336914064,276.9993591308594,0.9847575251619116,0.9861485129807425,0.005437411303821804,0.001287574790797441,-0.010087028861802239,1.8012790839558637,0.008749931695225083,0
2025-12-22,272.15037231445314,276.9734085083008,0.9825866453396261,0.9765107063380457,-0.009865948891234266,0.005437411303821804,0.001287574790797441,-0.7471389457381492,0.007204620254467497,1
2025-12-23,271.7012084960937,276.7957366943359,0.9815946290969502,0.9821499517306571,0.005129713035979089,-0.009865948891234266,0.005437411303821804,-0.18948479429505793,0.007802338140171151,1
2025-12-24,272.0944763183594,276.63802947998045,0.9835758186603557,0.9879415931711226,0.005323781322749577,0.005129713035979089,-0.009865948891234266,-0.3957695162269752,0.006567385664932612,0
2025-12-26,272.3360290527344,276.4309143066406,0.9851865871652696,0.9872014714981467,-0.0014972809650133367,0.005323781322749577,0.005129713035979089,0.20162361953256736,0.006702627717211536,1
2025-12-29,272.3539978027344,276.17688751220703,0.9861578217355221,0.9894106357521966,0.0013167962364344366,-0.0014972809650133367,0.005323781322749577,0.10191526731035516,0.006243721123173482,0
2025-12-30,272.77520751953125,275.6768142700195,0.9894746072201552,0.9887430979099363,-0.0024841597541549465,0.0013167962364344366,-0.0014972809650133367,-0.06643840237484822,0.0036287125549719318,0
2025-12-31,272.675390625,274.9616424560547,0.9916851972128436,0.9868861435983985,-0.004467463604312272,-0.0024841597541549465,0.0013167962364344366,0.23279553379464857,0.0038011091076048946,0
2026-01-02,272.11643676757814,274.3058624267578,0.992018305260376,0.9861526250146786,-0.00312648029845064,-0.004467463604312272,-0.0024841597541549465,0.38633599085499903,0.002169806171095408,0
2026-01-05,270.8907165527344,273.63511047363284,0.9899706075139691,0.9748909920044054,-0.013837112595369017,-0.00312648029845064,-0.004467463604312272,0.20638192721093285,0.005633961298661392,0
2026-01-06,268.61494140625,272.8156341552734,0.9846024486022213,0.9598917412923924,-0.018334268354402772,-0.013837112595369017,-0.00312648029845064,0.1468852415920363,0.007185253143742044,0
2026-01-07,266.069677734375,271.9392623901367,0.9784158249008524,0.9555340656588136,-0.007737496605900951,-0.018334268354402772,-0.013837112595369017,-0.0772137125349317,0.00644029183353836,0
2026-01-08,263.51043701171875,271.03394470214846,0.9722414559597041,0.9539750883668804,-0.0049552102640688656,-0.007737496605900951,-0.018334268354402772,0.04366608845410247,0.006348031130808889,1
2026-01-09,261.18674926757814,270.0652450561523,0.9671246265444924,0.9586165280709513,0.0012738888084979916,-0.0049552102640688656,-0.007737496605900951,-0.20671250890036152,0.007642573949333051,1
2026-01-12,259.78734130859374,269.1778930664062,0.9651139562360129,0.9650397420930421,0.003392793467145605,0.0012738888084979916,-0.0049552102640688656,0.1316798759906994,0.008583839320451031,1
2026-01-13,259.52582397460935,268.31799163818357,0.9672322843134943,0.971108518889538,0.00307399257312313,0.003392793467145605,0.0012738888084979916,0.010317295498831314,0.005052269509992612,0
2026-01-14,259.45195922851565,267.61180419921874,0.9695086508043993,0.9696056048419819,-0.004175458991876879,0.00307399257312313,0.003392793467145605,-0.12489175785247575,0.004005790190784055,0
2026-01-15,259.28626708984376,266.79332580566404,0.9718618946214249,0.9660330515240544,-0.006731727764257678,-0.004175458991876879,0.00307399257312313,-0.015762355257699978,0.004564223030806246,0
2026-01-16,258.5196899414062,265.97933807373045,0.9719540315185822,0.9589320872566025,-0.010379221191344046,-0.006731727764257678,-0.004175458991876879,0.8315654783363715,0.0060727894780645735,0
2026-01-20,255.8147186279297,264.707201385498,0.966406343646775,0.9302448389984025,-0.034555586545020445,-0.010379221191344046,-0.006731727764257678,0.11261969316411347,0.014292694248471304,1
2026-01-21,253.1396911621094,263.40861358642576,0.9610152368045205,0.9384307777807946,0.0038508468560267684,-0.034555586545020445,-0.010379221191344046,-0.31925499112343103,0.014480854131328498,1
2026-01-22,250.8220001220703,262.279711151123,0.9563149167018454,0.945133914420131,0.002826561879143208,0.0038508468560267684,-0.034555586545020445,-0.2732967678531232,0.01553340851876159,0
2026-01-23,248.7917694091797,261.0659660339355,0.9529843096316878,0.9483427535616084,-0.0012482700788881695,0.002826561879143208,0.0038508468560267684,0.04988125908185448,0.015922106235288842,1
2026-01-26,248.7678192138672,260.1476737976074,0.9562561739737345,0.9799679048752424,0.029713035188522863,-0.0012482700788881695,0.002826561879143208,0.34254119791791604,0.022919755978237387,1
2026-01-27,251.07752685546876,259.39257583618166,0.9679441520101013,0.9938258460619359,0.011197599163490057,0.029713035188522863,-0.0012482700788881695,-0.11293532871650835,0.01227958088050632,0
2026-01-28,252.83226623535157,258.5281806945801,0.9779679165190986,0.9900833492650287,-0.007085580156587223,0.011197599163490057,0.029713035188522863,-0.16839045848498335,0.014294442818841492,1
2026-01-29,254.81458129882813,257.78955459594727,0.9884596825430649,1.0000444967395816,0.0071751307281611165,-0.007085580156587223,0.011197599163490057,0.6288752179810115,0.014101895844956759,1
2026-01-30,257.0983459472656,257.171704864502,0.9997147473230968,1.0071047297699098,0.004646276870277299,0.0071751307281611165,-0.007085580156587223,0.37456172958827105,0.01336793391064749,1
2026-02-02,260.01292724609374,257.12179641723634,1.0112442074889905,1.048177482808234,0.040581019583889155,0.004646276870277299,0.0071751307281611165,-0.20044697620381768,0.017725015428455972,0
2026-02-03,262.2507751464844,257.23259048461915,1.0195083548799595,1.045669544196479,-0.0019627958800989553,0.040581019583889155,0.004646276870277299,-0.12878179058195127,0.018695138431314536,1
2026-02-04,266.2533325195312,257.9377784729004,1.032238604580773,1.0699372364940858,0.02601286642781786,-0.0019627958800989553,0.040581019583889155,0.40610485024388643,0.017545757648327352,0
2026-02-05,269.7727966308594,258.71533432006834,1.0427398798755059,1.064484046417434,-0.002097593092373451,0.02601286642781786,-0.0019627958800989553,-0.4149098190195669,0.01904405628376113,1
2026-02-06,273.4938720703125,259.6675636291504,1.0532461900436223,1.0690754503545274,0.008009748840153375,-0.002097593092373451,0.02601286642781786,-0.04764295718551681,0.018712475807265466,0
2026-02-09,274.4654602050781,260.4414741516113,1.0538469769423244,1.0534697628760163,-0.01166048390953256,0.008009748840153375,-0.002097593092373451,-0.11555217289617747,0.014300820700697195,0
2026-02-10,275.3550170898437,261.12450942993166,1.0544970201800632,1.0471176017344674,-0.003422959769044165,-0.01166048390953256,0.008009748840153375,-0.22962167831227565,0.014458397027209738,1
2026-02-11,275.20885009765624,261.8585350036621,1.0509829289841839,1.0511263225463776,0.006650117732854843,-0.003422959769044165,-0.01166048390953256,0.5106452297909352,0.008049725428173204,0
2026-02-12,272.427001953125,261.9590950012207,1.0399600821336459,0.9982058657798878,-0.04998173910671744,0.006650117732854843,-0.003422959769044165,0.5612395607273455,0.02369651210921134,0
2026-02-13,268.01506958007815,261.84976425170896,1.0235452009895363,0.9759205107338366,-0.022733450234726726,-0.04998173910671744,0.006650117732854843,-0.30571480021510367,0.021736348022898654,1
2026-02-17,265.8690490722656,262.2788139343262,1.0136886204573061,1.0051788458389534,0.03166790148756515,-0.022733450234726726,-0.04998173910671744,0.03869911015496341,0.030772180060867883,1
2026-02-18,264.00477294921876,263.1720230102539,1.0031642798859832,1.003551541809726,0.0017811375828364895,0.03166790148756515,-0.022733450234726726,-0.4150192152778134,0.031034156141162846,0
2026-02-19,261.0235168457031,263.82949142456056,0.9893644392683075,0.9867741358347909,-0.014261551090285374,0.0017811375828364895,0.03166790148756515,-0.09817766121982385,0.030213247575845,1
2026-02-20,261.5929870605469,264.65184173583987,0.9884419671700371,0.9988083006150906,0.015350449692731916,-0.014261551090285374,0.0017811375828364895,0.36391930050931576,0.02198861725884831,1
2026-02-23,263.6710693359375,265.56958923339846,0.9928511396845501,1.0013758269863349,0.006047257970275721,0.015350449692731916,-0.014261551090285374,-0.1131980841682414,0.01697199376079589,1
2026-02-24,265.32155151367186,266.41724700927733,0.9958872951811287,1.0205402593838815,0.02239103564464129,0.006047257970275721,0.015350449692731916,0.26016800596115597,0.014000768725162503,1
2026-02-25,267.2957336425781,267.22657470703126,1.0002588026120631,1.0252633009947696,0.007679860855135612,0.02239103564464129,0.006047257970275721,-0.2828972276697026,0.013775551300718152,0
2026-02-26,269.7674621582031,268.06329040527345,1.0063573484842077,1.0172924482649097,-0.0046676776162442035,0.007679860855135612,0.02239103564464129,-0.040611847198369855,0.01020130192583597,0
2026-02-27,269.6875366210937,268.3700805664063,1.004909101833956,0.9834808263880666,-0.03213044438249635,-0.0046676776162442035,0.007679860855135612,1.237324973489029,0.020316054417201534,1
2026-03-02,269.39580688476565,268.6439544677734,1.0027986947202359,0.9844863953233001,0.0020440108677830526,-0.03213044438249635,-0.0046676776162442035,-0.4219991294314358,0.02008906973400586,0
2026-03-03,267.71934814453124,268.3438522338867,0.9976727467979734,0.9819760373580106,-0.003664168116717992,0.0020440108677830526,-0.03213044438249635,-0.07791450204289485,0.015344110992986458,0
2026-03-04,265.37949829101564,268.0087554931641,0.9901896592993377,0.9786185915734678,-0.0046635601744375865,-0.003664168116717992,0.0020440108677830526,0.03199987554739692,0.01343778808866183,0
2026-03-05,262.8498291015625,267.21241455078126,0.9836737171940426,0.9731973549067359,-0.008494547048829904,-0.0046635601744375865,-0.003664168116717992,0.24760634221957578,0.01326452312009645,0
2026-03-06,261.50706176757814,266.30364685058595,0.981988286154793,0.9659011244696869,-0.010872595974432131,-0.008494547048829904,-0.0046635601744375865,-0.17194604761310228,0.004953035593786762,1
2026-03-09,260.5399536132812,265.4054748535156,0.9816675927920485,0.9782796595706751,0.009399570490431275,-0.010872595974432131,-0.008494547048829904,-0.07056177042801559,0.007857383680856476,1
2026-03-10,259.95648803710935,264.7166091918945,0.9820180487755699,0.984410859525075,0.0036555398041986376,0.009399570490431275,-0.010872595974432131,-0.19958135457958837,0.00851089940955882,0
2026-03-11,259.61480102539065,264.0737014770508,0.9831149394024469,0.986731788565205,-7.670678451010549e-05,0.0036555398041986376,0.009399570490431275,-0.14291551708356764,0.008425085383397164,0
2026-03-12,258.7096313476562,263.0876098632813,0.983359237183765,0.9712527579051674,-0.01936274610273281,-7.670678451010549e-05,0.0036555398041986376,0.555900514514339,0.0115681640150484,0
2026-03-13,257.24298706054685,262.5076431274414,0.9799447513063889,0.9519333133721246,-0.022051876328148534,-0.01936274610273281,-7.670678451010549e-05,-0.09471981173702015,0.014152722861029442,1
2026-03-16,255.83229064941406,262.3597801208496,0.975120083312965,0.9627515902623428,0.010794859745288043,-0.022051876328148534,-0.01936274610273281,-0.1314865962632007,0.014533209064956103,1
2026-03-17,254.5135070800781,261.87772369384766,0.9718791789164213,0.9699029889056721,0.005577047742174601,0.010794859745288043,-0.022051876328148534,0.008960472903455141,0.014854649600474227,0
2026-03-18,252.34151306152344,261.15788650512695,0.9662412130777049,0.9561646750185685,-0.016874444795081822,0.005577047742174601,0.010794859745288043,0.10494845743102932,0.01534740104792555,0
2026-03-19,250.98276977539064,260.5774230957031,0.9631792608648654,0.9545372245406478,-0.003920930967820202,-0.016874444795081822,0.005577047742174601,-0.024995875037404303,0.014087667660509222,0
2026-03-20,250.55716247558593,259.7486869812011,0.9646137787549994,0.9538517283312404,-0.0038962445152317393,-0.003920930967820202,-0.016874444795081822,1.5335832561287974,0.010595874696954471,1
2026-03-23,250.29140625,259.0148643493652,0.966320627500363,0.9700544215307798,0.014113480475494988,-0.0038962445152317393,-0.003920930967820202,-0.5409759416558834,0.011625327053575543,1
2026-03-24,249.7738830566406,257.99080657958984,0.9681503243007448,0.9744857745313514,0.0005964238375686381,0.014113480475494988,-0.0038962445152317393,0.11360402110190626,0.01112340359246988,1
2026-03-25,250.30938720703125,256.9112998962402,0.9743027547177749,0.982391457801182,0.0038944425565474727,0.0005964238375686381,0.014113480475494988,-0.3693189494222886,0.00744974065026324,1
2026-03-26,251.09466247558595,255.90922317504882,0.9811864510402207,0.9872923821494141,0.0010688333127271132,0.0038944425565474727,0.0005964238375686381,0.4677508278698024,0.0067315214015205875,0
2026-03-27,251.2565124511719,255.14093093872071,0.9847754005080361,0.9742497331657854,-0.016173068672430957,0.0010688333127271132,0.0038944425565474727,0.14602348989274283,0.01089693918228485,0
2026-03-30,250.28540649414063,254.23726425170904,0.9844560246933123,0.9691851638837177,-0.008721851736991582,-0.016173068672430957,0.0010688333127271132,-0.17648851774530272,0.008359627757149404,1
2026-03-31,250.7150085449219,253.7397216796875,0.988079465387828,0.9992774467754285,0.029031290418426448,-0.008721851736991582,-0.016173068672430957,0.2573606583143624,0.017177041711386787,1
2026-04-01,251.316455078125,253.3955390930176,0.9917951041192978,1.0078894838118213,0.007250134515282447,0.029031290418426448,-0.008721851736991582,-0.19231986709168292,0.017343114183859212,1
2026-04-02,251.9218963623047,253.17723999023437,0.995041641073352,1.0099029162070838,0.0011344553655323608,0.007250134515282447,0.029031290418426448,-0.218924896528655,0.017341793617716147,1
2026-04-06,253.93204040527343,253.24717559814454,1.0027043334462125,1.021222461773656,0.011487876222620041,0.0011344553655323608,0.007250134515282447,-0.06262504234660937,0.013980273300487869,0
2026-04-07,255.30477600097657,252.9284698486328,1.0093951707127549,1.0013371082710691,-0.0207060792616357,0.011487876222620041,0.0011344553655323608,1.118929829286837,0.01801637089389891,1
2026-04-08,256.3258361816406,252.83205871582032,1.01381856985845,1.0230572951970396,0.021301735790709264,-0.0207060792616357,0.011487876222620041,-0.33975670978953465,0.015688686981697706,1
2026-04-09,257.29693908691405,252.81607360839843,1.0177238156362491,1.0294053297661905,0.006141348347641795,0.021301735790709264,-0.0207060792616357,-0.3146555925990915,0.01564067879780195,0
2026-04-10,258.2080993652344,253.0518569946289,1.0203762281448696,1.0284067363335874,-3.834482173115106e-05,0.006141348347641795,0.021301735790709264,0.11272118229403727,0.015700673358885624,0
2026-04-13,258.2760437011719,253.50543975830078,1.018818546645072,1.0215221654736526,-0.004913954203973225,-3.834482173115106e-05,0.006141348347641795,0.15797261237077165,0.01536012049808356,0
2026-04-14,259.3410583496094,253.80566177368163,1.0218095866626635,1.0188572391676187,-0.001427586909096612,-0.004913954203973225,-3.834482173115106e-05,0.3349275694293039,0.010355371361508365,1
2026-04-15,260.8456726074219,254.41510009765625,1.025275907394244,1.0462616146439216,0.02936295529114563,-0.001427586909096612,-0.004913954203973225,0.03189534160142404,0.01375172154918044,0
2026-04-16,261.42713623046876,255.08747940063478,1.02485287339359,1.0316364109936256,-0.011372633634406881,0.02936295529114563,-0.001427586909096612,-0.1320364230118104,0.01573805830073028,1
2026-04-17,263.375341796875,256.15,1.0282074635833496,1.0539967292876489,0.02593021154924191,-0.011372633634406881,0.02936295529114563,0.41809334973720724,0.018759295237019597,1
2026-04-20,266.1427856445313,257.40184555053713,1.0339583427434205,1.0598161968732707,0.010435475371396441,0.02593021154924191,-0.011372633634406881,-0.404419544177537,0.01742519294550056,0
2026-04-21,267.60944213867185,258.1351707458496,1.0367027529237782,1.0301773971450285,-0.025196703995697067,0.010435475371396441,0.02593021154924191,0.37221988401265915,0.023651722135697995,1
2026-04-22,268.9562072753906,259.21068115234374,1.0375969311130324,1.0528832295346746,0.026298995241013978,-0.025196703995697067,0.010435475371396441,-0.13863030723085934,0.02291794850487015,1
2026-04-23,270.9603637695312,260.25022354125974,1.0411532412250686,1.0496756179180573,0.0009516944880663125,0.026298995241013978,-0.025196703995697067,-0.22774062872839262,0.02129247245612461,0
2026-04-24,271.12620849609374,261.15788650512695,1.0381697145905302,1.0369607805603345,-0.008667702544387423,0.0009516944880663125,0.026298995241013978,0.1424418256506066,0.0194198597527022,0
2026-04-27,270.039208984375,262.0975196838379,1.0303005129927096,1.0200922457543742,-0.012727861582673916,-0.008667702544387423,0.0009516944880663125,0.08673877207649427,0.01929847767471701,1
2026-04-28,270.9463684082031,263.3004112243652,1.029038910908964,1.0271948082877118,0.011584102768505522,-0.012727861582673916,-0.008667702544387423,-0.03491709029874501,0.015835375750756765,0
2026-04-29,270.3469177246094,264.1186584472656,1.0235812922644665,1.021969925451089,-0.001994705758897819,0.011584102768505522,-0.012727861582673916,-0.24915727318841852,0.009389350657363951,1
2026-04-30,269.9313049316406,264.90393600463864,1.0189780831603572,1.0233907971808824,0.004367659937803081,-0.001994705758897819,0.011584102768505522,2.0567260940032415,0.009789126511103004,1
2026-05-01,271.7456359863281,266.1138214111328,1.021163179519693,1.051738461494178,0.03239351812191993,0.004367659937803081,-0.001994705758897819,-0.129918713703698,0.01690035388453355,0
2026-05-04,273.587939453125,267.01149444580074,1.0246298198546624,1.0358174481176219,-0.011815603186417278,0.03239351812191993,0.004367659937803081,-0.41602744902734645,0.016640781079410596,1
2026-05-05,276.2794616699219,268.5440826416015,1.0288048761016417,1.0572507266622178,0.026550690927708454,-0.011815603186417278,0.03239351812191993,0.05664003908426252,0.018886914112613493,1
2026-05-06,279.7442687988281,269.97326660156244,1.036192480538031,1.0639770557432764,0.011717924952267644,0.026550690927708454,-0.011815603186417278,0.18300727819158547,0.017685213595780666,0
2026-05-07,282.9593017578125,271.3195266723632,1.0429006169522959,1.0584399086979328,-0.00024350711440246364,0.011717924952267644,0.026550690927708454,-0.22476305409514863,0.01833298848546449,1
2026-05-08,285.59287719726564,272.9600158691406,1.0462809957271593,1.0736005322150832,0.020456497888878378,-0.00024350711440246364,0.011717924952267644,0.1651435179759555,0.01553095182402934,0
2026-05-11,288.8138427734375,274.64594421386715,1.0515860469016713,1.065662897420655,-0.0012626705737772692,0.020456497888878378,-0.00024350711440246364,-0.19823391431087356,0.012324463104483978,1
2026-05-12,290.9901550292969,276.45635681152345,1.052571763534025,1.066352719080181,0.007243389265544797,-0.0012626705737772692,0.020456497888878378,0.08286446707836959,0.00897830700846433,1
2026-05-13,293.31508178710936,278.0906188964844,1.0547464094655135,1.0747216008334246,0.013805995565634221,0.007243389265544797,-0.0012626705737772692,0.1516172256334143,0.009262813552768631,0
2026-05-14,295.5219970703125,279.8432418823242,1.056026920938049,1.0656322784470789,-0.00220833028705536,0.013805995565634221,0.007243389265544797,-0.3294985413111686,0.009729865357673059,1
2026-05-15,296.95799560546874,281.3556793212891,1.055454065550825,1.0670835282606321,0.0067738157309671365,-0.00220833028705536,0.013805995565634221,0.5530914454110274,0.006648720078776511,0
2026-05-18,297.9899963378906,282.60774688720704,1.0544296807858662,1.0538989097732094,-0.007960612067346995,0.0067738157309671365,-0.00220833028705536,-0.37146846314807114,0.008585893688749069,1
2026-05-19,298.8239990234375,284.25999603271487,1.0512347962920767,1.0517484183257897,0.003793999787491842,-0.007960612067346995,0.0067738157309671365,0.2250558246092278,0.00834830724639539,1
2026-05-20,299.5,285.72656707763673,1.048204943149794,1.0578295294391493,0.0109709963070026,0.003793999787491842,-0.007960612067346995,-0.0950155763239875,0.007467179097533903,1
2026-05-21,300.8559997558594,287.31715087890626,1.0471216174723217,1.061509865670766,0.009065310949131433,0.0109709963070026,0.003793999787491842,0.12386410601154063,0.00747742043712698,1
2026-05-22,302.5739990234375,289.217626953125,1.0461810443956008,1.0677772671659147,0.012557845216167651,0.009065310949131433,0.0109709963070026,0.016410994039348203,0.008312383377250838,0
2026-05-26,304.6719970703125,291.2659439086914,1.0460268474292476,1.058585780522709,-0.001586751960143129,0.012557845216167651,0.009065310949131433,0.09915915200754744,0.005807900280074179,1
2026-05-27,307.047998046875,293.2854034423828,1.0469256036712238,1.0598891129765462,0.008173125031610828,-0.001586751960143129,0.012557845216167651,0.05063280590827168,0.005534824686340718,1
2026-05-28,309.1,295.4148376464844,1.046325236953373,1.057868359813389,0.005340207912225559,0.008173125031610828,-0.001586751960143129,-0.04383225363814647,0.005305608863163963,0
2026-05-29,310.5140014648437,297.462825012207,1.043874983208746,1.0490722581747405,-0.001439992937726342,0.005340207912225559,0.008173125031610828,0.45222354024437794,0.006152224198826311,0
2026-06-01,310.0119995117187,298.78421783447266,1.0375782287251407,1.0251880095229473,-0.018425943872925732,-0.001439992937726342,0.005340207912225559,-0.3024113625069259,0.010329785672881394,1
2026-06-02,311.38600463867186,300.7154602050781,1.0354838571529272,1.0481669681767447,0.02902293336585271,-0.018425943872925732,-0.001439992937726342,-0.08833590242764056,0.017149698786252793,0
2026-06-03,311.26800537109375,302.0325393676758,1.0305777186218181,1.0272403444184324,-0.015672595971098935,0.02902293336585271,-0.018425943872925732,0.1415076333735268,0.019090517439355633,1
2026-06-04,311.0120056152344,303.2317718505859,1.0256577129671032,1.0263766527067066,0.0031264139436979477,-0.015672595971098935,0.02902293336585271,-0.11738763531071061,0.018954069888913735,0
2026-06-05,310.06800537109376,304.24000091552733,1.0191559441165812,1.010189309140924,-0.012498841728371679,0.0031264139436979477,-0.015672595971098935,0.45557856074670533,0.01969595582300089,0
2026-06-08,309.1140075683594,304.6645004272461,1.0146046130575552,0.9897444832662073,-0.01887156849768501,-0.012498841728371679,0.0031264139436979477,0.19351559090804704,0.01978464250928624,0
2026-06-09,304.1840026855469,304.5580001831055,0.9987719991025231,0.9540054361346119,-0.03644631040831148,-0.01887156849768501,-0.012498841728371679,-0.10058230306700144,0.014181468438320861,1
2026-06-10,300.447998046875,304.3970001220703,0.987026803570299,0.9578937586616663,0.003544996808021894,-0.03644631040831148,-0.01887156849768501,-0.24698040759505224,0.016697921778472315,1
2026-06-11,297.3279968261719,304.23500061035156,0.9772971427668646,0.9717159573675749,0.013889904990249002,0.003544996808021894,-0.03644631040831148,-0.19360032428357388,0.019611996415797833,0
2026-06-12,294.08599853515625,303.8810012817383,0.9677669788329387,0.9580395077509175,-0.015221729613622226,0.013889904990249002,0.003544996808021894,-0.08997357449057486,0.01973350691202022,1
2026-06-15,293.06199951171874,303.6905014038086,0.9650021918928658,0.9760595476563594,0.018170605764429082,-0.015221729613622226,0.013889904990249002,0.18043678582214184,0.022605867500837977,1
2026-06-16,294.8,303.7605010986328,0.9705014277161623,0.9851181741934579,0.009513449426140408,0.018170605764429082,-0.015221729613622226,-0.12809680621700936,0.013029824522246993,0
2026-06-17,295.67400512695315,303.60950164794923,0.9738628189239028,0.9747719047021145,-0.010994446379867018,0.009513449426140408,0.018170605764429082,0.07199355977770194,0.015157611050799403,1
2026-06-18,296.15000610351564,303.39750213623046,0.9761122092908313,0.9822427925982515,0.006960626705947437,-0.010994446379867018,0.009513449426140408,1.0110422013283396,0.014208253932557221,0
2026-06-22,297.3260070800781,302.99850311279295,0.9812787984942513,0.9802358979148531,-0.0033555919842641613,0.006960626705947437,-0.010994446379867018,-0.4779112214438439,0.011389581813140662,0
2026-06-23,296.902001953125,302.27250213623046,0.9822329184919208,0.9736247449340641,-0.00912434558954689,-0.0033555919842641613,0.006960626705947437,0.15889072836615048,0.009280984772722082,0
2026-06-24,295.6700012207031,301.51000213623047,0.9806308219490222,0.9720406769120848,-0.004145434153267291,-0.00912434558954689,-0.0033555919842641613,0.016750335025927265,0.006994033918135701,0
